1124130693599023110		http://twitter.com/JuliusM66582177/status/1124130693599023110	$3500 allowance for college babes to pay their bills and school loans...like,RT and DM me #sugarbaby #sugarbabyneeded #collegelife #sugardaddydating #sugardaddyneeded #SugarDaddyWanted #sugardaddies #sugarmummy #collegeadmissionsscandal #collegecallgirls https://t.co/8SH2s4Pgm0	@JuliusM66582177	Julius Morgan				Positive	Joy	Twitter						"$3500 allowance for college babes to pay their bills and school loans...like,RT and DM me 
#sugarbaby #sugarbabyneeded #collegelife #sugardaddydating #sugardaddyneeded #SugarDaddyWanted #sugardaddies 
#sugarmummy
#collegeadmissionsscandal #collegecallgirls https://t.co/8SH2s4Pgm0"	Tweet		
1124199414413664258		http://twitter.com/adrianachavira/status/1124199414413664258	$6.5 million!! #collegeadmissionsscandal	@adrianachavira	Adriana Chavira	United States of America	California	Los Angeles	Positive	Unclassified	Twitter	F					"$6.5 million!! 
#collegeadmissionsscandal"	Tweet		
1124370730785878018		http://twitter.com/jswhit13/status/1124370730785878018	RT @SigneWilk NO! Rich people buying their kids' way into college? 22 year old cartoon. #collegescam #collegeadmissionsScandal @PhillyDailyNews https://t.co/OOwOjMWXr7	@jswhit13	johnwhit	United States of America	Arizona		Neutral	Sadness	Twitter						RT @SigneWilk NO! Rich people buying their kids' way into college? 22 year old cartoon. #collegescam #collegeadmissionsScandal @PhillyDailyNews https://t.co/OOwOjMWXr7	Retweet		
1124112839671566336		http://twitter.com/parkersull100/status/1124112839671566336	RT @StephanJack5 $3500 allowance for college babes to pay their bills and school loans...like,RT and DM me #sugarbaby #sugarbabyneeded #collegelife #sugardaddydating #sugardaddyneeded #SugarDaddyWanted #sugardaddies #sugarmummy #collegeadmissionsscandal #collegecallgirls https://t.co/BhIp4MHw9m	@parkersull100	Parker Sullivan James	United States of America	Washington	Seattle	Positive	Neutral	Twitter	M					"RT @StephanJack5 $3500 allowance for college babes to pay their bills and school loans...like,RT and DM me 
#sugarbaby #sugarbabyneeded #collegelife #sugardaddydating #sugardaddyneeded #SugarDaddyWanted #sugardaddies 
#sugarmummy
#collegeadmissionsscandal #collegecallgirls https://t.co/BhIp4MHw9m"	Retweet		
1124214655843389440		http://twitter.com/hitech_guru/status/1124214655843389440	#Collegeadmissionsscandal #mystery #solved? #Chinesefamily allegedly paid $6.5 #million https://t.co/5qsfSTtbhh #Trends #Life #Global #celebs #celebrity #RealityTV #RealityStar #Hollywood #collegescam #collegescandals #LoriLoughlin #FelicityHuffman #RickSinger #Stanford	@hitech_guru	Sandeep Shenoy	Canada	Ontario	Toronto	Neutral	Joy	Twitter	M					#Collegeadmissionsscandal #mystery #solved? #Chinesefamily allegedly paid $6.5 #million https://t.co/5qsfSTtbhh #Trends #Life #Global #celebs #celebrity #RealityTV #RealityStar #Hollywood #collegescam #collegescandals #LoriLoughlin #FelicityHuffman #RickSinger #Stanford	Tweet		
1124420300555341826		http://twitter.com/Joechris1988/status/1124420300555341826	Easy, whoever has the most money gets a free pass. Whoever is too broke goes into debt for the rest of their lives...if they get in. #CollegeAdmissionsScandal #University #CollegeDecisionDay2019 https://t.co/Cc9iTBbWta	@Joechris1988	Joe Moore	United States of America	Washington		Positive	Anger	Twitter	M					Easy, whoever has the most money gets a free pass. Whoever is too broke goes into debt for the rest of their lives...if they get in. #CollegeAdmissionsScandal #University #CollegeDecisionDay2019 https://t.co/Cc9iTBbWta	Tweet		
1124388648248438784		http://twitter.com/SportsQomplex/status/1124388648248438784	Media unflattering #niggernavy #Hypocrisy #photo. She took #accountability made no #metoo #JussieSmollettHoax excuses. Not #collegeadmissionsscandal #whore or #consewhorequence. Already #education #productive #successful #BlackWoman #Boss #Blacktwitter https://t.co/b8ldHPMJQA	@SportsQomplex	Qomplex	United States of America	California		Negative	Joy	Twitter						"Media unflattering #niggernavy #Hypocrisy #photo. She took #accountability made no #metoo #JussieSmollettHoax excuses.  Not #collegeadmissionsscandal #whore or #consewhorequence. Already #education #productive #successful #BlackWoman #Boss #Blacktwitter
https://t.co/b8ldHPMJQA"	Tweet		
1124155057342119940		http://twitter.com/panzanotroweso/status/1124155057342119940	RT @culttture In #CollegeAdmissionsScandal, Family Paid $6.5 Million to Get Their Daughter Into Stanford https://t.co/kdKZpotWZY	@panzanotroweso	Panzanotrowes				Neutral	Neutral	Twitter						"RT @culttture In #CollegeAdmissionsScandal, Family Paid $6.5 Million to Get Their Daughter Into Stanford

https://t.co/kdKZpotWZY"	Retweet		
1124337522992041985		http://twitter.com/HumanRtsV/status/1124337522992041985	RT @HumanRtsV #CollegeAdmissionsScandal #JusticeDepartment #CollegeAdmissions scandal mystery solved? Chinese family allegedly paid $6.5 million.. https://t.co/89cy4sgXjk @Stanford @MorganStanley @FBILosAngeles @LAPDHQ @FBI #MASA #HRV	@HumanRtsV	Human Rights-#HRV #MASA-Make America Safe Again	United States of America	California	Sacramento	Neutral	Joy	Twitter						"RT @HumanRtsV #CollegeAdmissionsScandal

#JusticeDepartment
#CollegeAdmissions scandal mystery solved? Chinese family allegedly paid $6.5 million..

https://t.co/89cy4sgXjk

@Stanford @MorganStanley
@FBILosAngeles @LAPDHQ
@FBI

#MASA #HRV"	Retweet		
1124103962301489152		http://twitter.com/dahliabloom/status/1124103962301489152	RT @HumanRtsV #CollegeAdmissionsScandal #JusticeDepartment #CollegeAdmissions scandal mystery solved? Chinese family allegedly paid $6.5 million.. https://t.co/89cy4sgXjk @Stanford @MorganStanley @FBILosAngeles @LAPDHQ @FBI #MASA #HRV	@dahliabloom	TheGerminator	United States of America	New Jersey	New York	Neutral	Joy	Twitter						"RT @HumanRtsV #CollegeAdmissionsScandal

#JusticeDepartment
#CollegeAdmissions scandal mystery solved? Chinese family allegedly paid $6.5 million..

https://t.co/89cy4sgXjk

@Stanford @MorganStanley
@FBILosAngeles @LAPDHQ
@FBI

#MASA #HRV"	Retweet		
1124148985285885953		http://twitter.com/TawandaDance/status/1124148985285885953	RT @culttture In #CollegeAdmissionsScandal, Family Paid $6.5 Million to Get Their Daughter Into Stanford https://t.co/kdKZpotWZY	@TawandaDance	Singlemommyinthecityüç∏üçø	United States of America	Nevada		Neutral	Neutral	Twitter						"RT @culttture In #CollegeAdmissionsScandal, Family Paid $6.5 Million to Get Their Daughter Into Stanford

https://t.co/kdKZpotWZY"	Retweet		
1124456959988654080		http://twitter.com/pizzatoolsx0/status/1124456959988654080	Meet the posh billionaire family entangled in admissions scam #CollegeAdmissionsBribeScandal #AdmissionsScam #Collegegate #CollegeAdmissionsScam #CollegeAdmissionsScandal #CollegeAdmissionCheatingScandal https://t.co/PgAkRgMkZZ via @nypost	@pizzatoolsx0	Charles	United States of America	New York	New York	Neutral	Neutral	Twitter	M					Meet the posh billionaire family entangled in admissions scam #CollegeAdmissionsBribeScandal #AdmissionsScam #Collegegate #CollegeAdmissionsScam #CollegeAdmissionsScandal #CollegeAdmissionCheatingScandal https://t.co/PgAkRgMkZZ via @nypost	Tweet		
1124443830051323905		http://twitter.com/VV_TeachOlogy/status/1124443830051323905	"It doesn't matter what race you are, or age, or gender. If you always think ""they all judge me"" ask yourself why do you care so much. And even if you make a mistake - everybody does, too. https://t.co/K1ErSTwnIq #FridayMotivation #RuinFridayIn4Words #CollegeAdmissionsScandal https://t.co/I8Tlpm7CDQ"	@VV_TeachOlogy	Dr. Valentin Voroshilov	United States of America	Massachusetts		Negative	Joy	Twitter						"It doesn't matter what race you are, or age, or gender. If you always think ""they all judge me"" ask yourself why do you care so much. And even if you make a mistake - everybody does, too.
https://t.co/K1ErSTwnIq
#FridayMotivation #RuinFridayIn4Words #CollegeAdmissionsScandal https://t.co/I8Tlpm7CDQ"	Tweet		
1124153016297213952		http://twitter.com/ShersSun/status/1124153016297213952	RT @culttture In #CollegeAdmissionsScandal, Family Paid $6.5 Million to Get Their Daughter Into Stanford https://t.co/kdKZpotWZY	@ShersSun	3Glow				Neutral	Neutral	Twitter						"RT @culttture In #CollegeAdmissionsScandal, Family Paid $6.5 Million to Get Their Daughter Into Stanford

https://t.co/kdKZpotWZY"	Retweet		
1124376671526633473		http://twitter.com/TonyAndreMcQ/status/1124376671526633473	RT @tictoc The Chinese mom who paid $6.5 million to send her daughter to Stanford thought she was actually donating it to the school #CollegeAdmissionsScandal https://t.co/AVdG3FyvNz	@TonyAndreMcQ	McQueen	United States of America			Neutral	Surprise	Twitter						RT @tictoc The Chinese mom who paid $6.5 million to send her daughter to Stanford thought she was actually donating it to the school #CollegeAdmissionsScandal https://t.co/AVdG3FyvNz	Retweet		
1124428330600681473		http://twitter.com/MasterMastabah/status/1124428330600681473	!! #LoriLoughlin‚Äôs Daughter #OliviaJade Moves Out of #Family Home to 'Focus on Her Own Life': Source https://t.co/SYr2IkikWP #CollegeAdmissionsScandal #CollegeCheatingScandal #USA #EU #UK	@MasterMastabah	SECULAR ORDER				Positive	Joy	Twitter						!!  #LoriLoughlin‚Äôs Daughter #OliviaJade Moves Out of #Family Home to 'Focus on Her Own Life': Source https://t.co/SYr2IkikWP  #CollegeAdmissionsScandal #CollegeCheatingScandal  #USA #EU #UK	Tweet		
1124368588637270017		http://twitter.com/MarkCandler/status/1124368588637270017	@cnn $20.00 is a #Donation 6.5 Million you‚Äôre buying something #CollegeAdmissionsScandal	@MarkCandler	Mark Candler	Canada	Ontario	Toronto	Positive	Joy	Twitter	M					@cnn $20.00 is a #Donation 6.5 Million you‚Äôre buying something #CollegeAdmissionsScandal	Tweet		
1124450220480159744		http://twitter.com/AJackso63831215/status/1124450220480159744	#CollegeAdmissionsScandal. #Elite had it made & pay more money than those #disabled with #lyme etc. can ever hope to get from #ERISA-enabled #LTD companies. & they use #disability to cheat. for what? harmed all disabled- who will get more eye rolls because of them #LoriLoughlin	@AJackso63831215	A Jackson				Negative	Disgust	Twitter	M					#CollegeAdmissionsScandal. #Elite had it made & pay more money than those #disabled with #lyme etc. can ever hope to get from #ERISA-enabled #LTD companies. & they use #disability to cheat. for what?  harmed all disabled- who will get more eye rolls because of them #LoriLoughlin	Tweet		
1124259586649743360		http://twitter.com/julie_rendelman/status/1124259586649743360	"Interesting defense given the high volume of elite that legally pay millions in ""donations"" to get kids into school. Let's see whether there is evidence to support the attorney's claim. #CollegeAdmissionsScandal .https://t.co/f4wphRLins"	@julie_rendelman	Julie Rendelman Esq.	United States of America			Neutral	Neutral	Twitter	F					"Interesting defense given the high volume of elite that legally pay millions in ""donations"" to get kids into school. Let's see whether there is evidence to support the attorney's claim.   #CollegeAdmissionsScandal .https://t.co/f4wphRLins"	Tweet		
1124382593569308672		http://twitter.com/g13901073111/status/1124382593569308672	RT @tictoc The Chinese mom who paid $6.5 million to send her daughter to Stanford thought she was actually donating it to the school #CollegeAdmissionsScandal https://t.co/AVdG3FyvNz	@g13901073111	Hongyi				Neutral	Surprise	Twitter						RT @tictoc The Chinese mom who paid $6.5 million to send her daughter to Stanford thought she was actually donating it to the school #CollegeAdmissionsScandal https://t.co/AVdG3FyvNz	Retweet		
1124377252521742336		http://twitter.com/EthicsRetweet/status/1124377252521742336	RT @alba_shah Affluent parents are determined that their kids don‚Äôt go below the [glass floor]which is made up of all the efforts and resources parents expend to ensure their kids don‚Äôt fall below them on the social ladder. #CollegeAdmissionsScandal #stanford #ethics https://t.co/IkaEhZuqOt	@EthicsRetweet	Ethics Retweet Bot	United Kingdom	Greater London	London	Neutral	Neutral	Twitter						RT @alba_shah Affluent parents are determined that their kids don‚Äôt go below the [glass floor]which is made up of all the efforts and resources parents expend to ensure their kids don‚Äôt fall below them on the social ladder. #CollegeAdmissionsScandal #stanford #ethics  https://t.co/IkaEhZuqOt	Retweet		
1124375427353534464		http://twitter.com/MsMariaT/status/1124375427353534464	RT @tictoc The Chinese mom who paid $6.5 million to send her daughter to Stanford thought she was actually donating it to the school #CollegeAdmissionsScandal https://t.co/AVdG3FyvNz	@MsMariaT	WaterBluSky	United States of America	California		Neutral	Surprise	Twitter						RT @tictoc The Chinese mom who paid $6.5 million to send her daughter to Stanford thought she was actually donating it to the school #CollegeAdmissionsScandal https://t.co/AVdG3FyvNz	Retweet		
1124389634753146880		http://twitter.com/familydisaster/status/1124389634753146880	RT @abc7newsbayarea A mother accused in the #collegeadmissionsscandal says after her daughter was accepted to #Stanford, she paid $6.5 million that she thought was going toward helping underprivileged students: https://t.co/Ra3hy6W9H7	@familydisaster	Red Becker	United States of America	South Dakota	Sioux Falls	Neutral	Unclassified	Twitter						RT @abc7newsbayarea A mother accused in the #collegeadmissionsscandal says after her daughter was accepted to #Stanford, she paid $6.5 million that she thought was going toward helping underprivileged students:    https://t.co/Ra3hy6W9H7	Retweet		
1124276918516355074		http://twitter.com/BelAirKatie/status/1124276918516355074	Whew! I was worried. I feel much better now. #oliviajade #loriloughlin #collegecheatingscandal #collegeadmissionsscandal #collegeadmissions https://t.co/Q2TIEU1OoW	@BelAirKatie	Katie Polasko				Neutral	Fear	Twitter	F					Whew! I was worried. I feel much better now. #oliviajade #loriloughlin #collegecheatingscandal #collegeadmissionsscandal #collegeadmissions https://t.co/Q2TIEU1OoW	Tweet		
1124325047013761024		http://twitter.com/Alba_89/status/1124325047013761024	@melissakchan @limlouisa @Stanford Yusi Zhao‚Äô grandfather was found by prosecutors to have paid $10K in ‚Äò02 to a senior official in China‚Äôs version of FDA who was sentenced to death for corruption in ‚Äò07. This fam has mastered the art, they haven‚Äôt been charged #CollegeAdmissionsScandal https://t.co/H8XYPdkS0d	@Alba_89	Alex	United States of America	California		Neutral	Unclassified	Twitter	M					"@melissakchan @limlouisa @Stanford Yusi Zhao‚Äô grandfather was found by prosecutors to have paid $10K in ‚Äò02 to a senior official in China‚Äôs version of FDA who was sentenced to death for corruption in ‚Äò07.

This fam has mastered the art, they haven‚Äôt been charged

#CollegeAdmissionsScandal 

https://t.co/H8XYPdkS0d"	Reply		
1124376751000281088		http://twitter.com/alba_shah/status/1124376751000281088	Affluent parents are determined that their kids don‚Äôt go below the [glass floor]which is made up of all the efforts and resources parents expend to ensure their kids don‚Äôt fall below them on the social ladder. #CollegeAdmissionsScandal #stanford #ethics https://t.co/IkaEhZuqOt	@alba_shah	Baraa Shaheen	United States of America	California	San Francisco	Neutral	Unclassified	Twitter						Affluent parents are determined that their kids don‚Äôt go below the [glass floor]which is made up of all the efforts and resources parents expend to ensure their kids don‚Äôt fall below them on the social ladder. #CollegeAdmissionsScandal #stanford #ethics  https://t.co/IkaEhZuqOt	Tweet		
1124378962652610561		http://twitter.com/LeslieDownEast/status/1124378962652610561	@nytimesworld $6.5 million! Hope #Stanford gives her more than one degree. Not sure how many but definitely more than one! #CollegeAdmissionsScandal	@LeslieDownEast	Leslie	United States of America			Positive	Unclassified	Twitter	F					@nytimesworld $6.5 million! Hope #Stanford gives her more than one degree. Not sure how many but definitely more than one! #CollegeAdmissionsScandal	Reply		
1124391749370175488		http://twitter.com/phillipsnizer/status/1124391749370175488	The @AP quotes Bradley Simon, Co-Chair, White Collar Criminal Defense Practice on the recent guilty pleas and cooperating defendants in the #collegeadmissionsscandal: https://t.co/MuClyZfEBR #CollegeCheatingScandal #education #colleges #educationnews	@phillipsnizer	Phillips Nizer LLP	United States of America			Neutral	Neutral	Twitter						The @AP quotes Bradley Simon, Co-Chair, White Collar Criminal Defense Practice on the recent guilty pleas and cooperating defendants in the #collegeadmissionsscandal: https://t.co/MuClyZfEBR #CollegeCheatingScandal #education #colleges #educationnews	Tweet		
1124332224650842113		http://twitter.com/KENDALLKUBAN/status/1124332224650842113	Nothing new, common practice since forever .... anybody shocked at #CollegeAdmissionsScandal has been seriously living under a rock. The rich & famous have been paying universities for admission FOREVER, schools equally guilty of FRAUD, totally complicit.	@KENDALLKUBAN	queenB	United States of America	Florida	Miami	Negative	Sadness	Twitter						Nothing new, common practice since forever .... anybody shocked at #CollegeAdmissionsScandal has been seriously living under a rock. The rich & famous have been paying universities for admission FOREVER, schools equally guilty of FRAUD, totally complicit.	Tweet		
1124273658011242497		http://twitter.com/TrueNewsNG/status/1124273658011242497	The mother of a #Chinese student admitted Friday she paid $6.5 million to the man at the heart of a US college admission scandal but said she was duped into believing the sum was a charitable donation...Read More: https://t.co/fIJEoZ2t1V #University #CollegeAdmissionsScandal	@TrueNewsNG	True News Nigeria	Nigeria	Lagos	Lagos	Neutral	Neutral	Twitter						"The mother of a #Chinese student admitted Friday she paid $6.5 million to the man at the heart of a US college admission scandal but said she was duped into believing the sum was a charitable donation...Read More:  https://t.co/fIJEoZ2t1V
#University #CollegeAdmissionsScandal"	Tweet		
1124353417059680256		http://twitter.com/StephanJack5/status/1124353417059680256	$3500 allowance for college babes to pay their bills and school loans...like,RT and DM me #sugarbaby #sugarbabyneeded #collegelife #sugardaddydating #sugardaddyneeded #SugarDaddyWanted #sugardaddies #sugarmummy #collegeadmissionsscandal #collegecallgirls https://t.co/BhIp4MHw9m	@StephanJack5	Stephan Jack	United States of America	Florida		Positive	Joy	Twitter	M					"$3500 allowance for college babes to pay their bills and school loans...like,RT and DM me 
#sugarbaby #sugarbabyneeded #collegelife #sugardaddydating #sugardaddyneeded #SugarDaddyWanted #sugardaddies 
#sugarmummy
#collegeadmissionsscandal #collegecallgirls https://t.co/BhIp4MHw9m"	Tweet		
1124283346626981894		http://twitter.com/Yunghi/status/1124283346626981894	Put this in context of the #CollegeAdmissionsScandal, specifically, yesterdays news $6mil bribery to get into Stanford.	@Yunghi	Yunghi Kim				Neutral	Unclassified	Twitter	F					Put this in context of the #CollegeAdmissionsScandal, specifically, yesterdays news $6mil bribery to get into Stanford.	Tweet		
1124315444238794752		http://twitter.com/dancedj2k/status/1124315444238794752	Maybe I am to cynical, but what‚Äôs the issue with people paying a college for their kids to attend it? I see no problem with it. Little Susie wants to go to Harvard, and daddy pays 5 million under the table for her to actually attend school. Big deal. #CollegeAdmissionsScandal	@dancedj2k	svenson	United States of America	Illinois	Chicago	Negative	Unclassified	Twitter						Maybe I am to cynical, but what‚Äôs the issue with people paying a college for their kids to attend it? I see no problem with it. Little Susie wants to go to Harvard, and daddy pays 5 million under the table for her to actually attend school. Big deal. #CollegeAdmissionsScandal	Tweet		
1124231739650531328		http://twitter.com/Barrister_/status/1124231739650531328	Want to know the details of the college admission fraud scandal involving Felicity Huffman and Lori Loughlin? #fraud #collegeadmissionsscandal #fraudbarrister #barrister #fraudlawyer https://t.co/dKGu58fh6t	@Barrister_	TQ	United Kingdom	Greater London	London	Neutral	Neutral	Twitter						Want to know the details of the college admission fraud scandal involving Felicity Huffman and Lori Loughlin? #fraud #collegeadmissionsscandal #fraudbarrister #barrister #fraudlawyer https://t.co/dKGu58fh6t	Tweet		
1124457349173977088		http://twitter.com/Santosjenny7/status/1124457349173977088	RT @tictoc The Chinese mom who paid $6.5 million to send her daughter to Stanford thought she was actually donating it to the school #CollegeAdmissionsScandal https://t.co/AVdG3FyvNz	@Santosjenny7	Jenny Santos	Costa Rica	San Jos√©	San Jose	Neutral	Surprise	Twitter	F					RT @tictoc The Chinese mom who paid $6.5 million to send her daughter to Stanford thought she was actually donating it to the school #CollegeAdmissionsScandal https://t.co/AVdG3FyvNz	Retweet		
1124105303967113216		http://twitter.com/FaithHallfaith/status/1124105303967113216	RT @HumanRtsV #CollegeAdmissionsScandal #JusticeDepartment #CollegeAdmissions scandal mystery solved? Chinese family allegedly paid $6.5 million.. https://t.co/89cy4sgXjk @Stanford @MorganStanley @FBILosAngeles @LAPDHQ @FBI #MASA #HRV	@FaithHallfaith	Faith Hall.               RESIST.  anti-trump	United States of America	Maryland	Baltimore	Neutral	Joy	Twitter	F					"RT @HumanRtsV #CollegeAdmissionsScandal

#JusticeDepartment
#CollegeAdmissions scandal mystery solved? Chinese family allegedly paid $6.5 million..

https://t.co/89cy4sgXjk

@Stanford @MorganStanley
@FBILosAngeles @LAPDHQ
@FBI

#MASA #HRV"	Retweet		
1124324540379738112		http://twitter.com/StephanJack5/status/1124324540379738112	$3500 allowance for college babes to pay their bills and school loans...like,RT and DM me #sugarbaby #sugarbabyneeded #collegelife #sugardaddydating #sugardaddyneeded #SugarDaddyWanted #sugardaddies #sugarmummy #collegeadmissionsscandal #collegecallgirls https://t.co/BhIp4MHw9m	@StephanJack5	Stephan Jack	United States of America	Florida		Positive	Joy	Twitter	M					"$3500 allowance for college babes to pay their bills and school loans...like,RT and DM me 
#sugarbaby #sugarbabyneeded #collegelife #sugardaddydating #sugardaddyneeded #SugarDaddyWanted #sugardaddies 
#sugarmummy
#collegeadmissionsscandal #collegecallgirls https://t.co/BhIp4MHw9m"	Tweet		
1124375216082378753		http://twitter.com/stillbigo/status/1124375216082378753	RT @tictoc The Chinese mom who paid $6.5 million to send her daughter to Stanford thought she was actually donating it to the school #CollegeAdmissionsScandal https://t.co/AVdG3FyvNz	@stillbigo	Oil Trader	United States of America	Texas		Neutral	Surprise	Twitter						RT @tictoc The Chinese mom who paid $6.5 million to send her daughter to Stanford thought she was actually donating it to the school #CollegeAdmissionsScandal https://t.co/AVdG3FyvNz	Retweet		
1124409015398739969		http://twitter.com/CarolBarash/status/1124409015398739969	RT @Story2 Anyone else seriously unsettled by the #collegeadmissionsscandal, a.k.a. #OperationVarsityBlues? See what @Story2 CEO and Founder @CarolBarash has to say about where we need to go from here to improve #collegeaccess. https://t.co/g8jS4Dxfh4	@CarolBarash	Carol Barash	United States of America	New York	New York	Neutral	Neutral	Twitter	F					RT @Story2 Anyone else seriously unsettled by the #collegeadmissionsscandal, a.k.a. #OperationVarsityBlues? See what @Story2 CEO and Founder @CarolBarash has to say about where we need to go from here to improve #collegeaccess. https://t.co/g8jS4Dxfh4	Retweet		
1124337469665660928		http://twitter.com/HumanRtsV/status/1124337469665660928	RT @HumanRtsV #CollegeAdmissionsScandal #JusticeDepartment #CollegeAdmissions scandal mystery solved? Chinese family allegedly paid $6.5 million.. https://t.co/89cy4sgXjk @Stanford @MorganStanley @FBILosAngeles @LAPDHQ @FBI #MASA #HRV	@HumanRtsV	Human Rights-#HRV #MASA-Make America Safe Again	United States of America	California	Sacramento	Neutral	Joy	Twitter						"RT @HumanRtsV #CollegeAdmissionsScandal

#JusticeDepartment
#CollegeAdmissions scandal mystery solved? Chinese family allegedly paid $6.5 million..

https://t.co/89cy4sgXjk

@Stanford @MorganStanley
@FBILosAngeles @LAPDHQ
@FBI

#MASA #HRV"	Retweet		
1124112477418078208		http://twitter.com/StephanJack5/status/1124112477418078208	$3500 allowance for college babes to pay their bills and school loans...like,RT and DM me #sugarbaby #sugarbabyneeded #collegelife #sugardaddydating #sugardaddyneeded #SugarDaddyWanted #sugardaddies #sugarmummy #collegeadmissionsscandal #collegecallgirls https://t.co/BhIp4MHw9m	@StephanJack5	Stephan Jack	United States of America	Florida		Positive	Joy	Twitter	M					"$3500 allowance for college babes to pay their bills and school loans...like,RT and DM me 
#sugarbaby #sugarbabyneeded #collegelife #sugardaddydating #sugardaddyneeded #SugarDaddyWanted #sugardaddies 
#sugarmummy
#collegeadmissionsscandal #collegecallgirls https://t.co/BhIp4MHw9m"	Tweet		
1124441210247163904		http://twitter.com/Vrabb/status/1124441210247163904	"RT @nosoupforgeorge ‚ÄúI‚Äôm not saying Bailey‚Äôs stupid, just that the dog clearly never does any work, and whenever you look over during class, he‚Äôs never paying attention."" #CollegeCheatingScandal #CollegeAdmissionsScandal #FridayFeeling #GoBears https://t.co/7RjMwKlsuj"	@Vrabb	Vanessa üåªJasmine üßúüèΩ‚Äç‚ôÄÔ∏è				Negative	Anger	Twitter	F					"RT @nosoupforgeorge ‚ÄúI‚Äôm not saying Bailey‚Äôs stupid, just that the dog clearly never does any work, and whenever you look over during class, he‚Äôs never paying attention.""

#CollegeCheatingScandal #CollegeAdmissionsScandal #FridayFeeling #GoBears https://t.co/7RjMwKlsuj"	Retweet		
1124457040955494400		http://twitter.com/pizzatoolsx0/status/1124457040955494400	Olivia Jade moves out of Lori Loughlin's mansion amid admissions scandal #CollegeAdmissionsBribeScandal #AdmissionsScam #Collegegate #CollegeAdmissionsScam #CollegeAdmissionsScandal #CollegeAdmissionCheatingScandal https://t.co/vmPh32psF5 via @pagesix	@pizzatoolsx0	Charles	United States of America	New York	New York	Neutral	Neutral	Twitter	M					Olivia Jade moves out of Lori Loughlin's mansion amid admissions scandal #CollegeAdmissionsBribeScandal #AdmissionsScam #Collegegate #CollegeAdmissionsScam #CollegeAdmissionsScandal #CollegeAdmissionCheatingScandal https://t.co/vmPh32psF5 via @pagesix	Tweet		
1124374881972494336		http://twitter.com/tictoc/status/1124374881972494336	The Chinese mom who paid $6.5 million to send her daughter to Stanford thought she was actually donating it to the school #CollegeAdmissionsScandal https://t.co/AVdG3FyvNz	@tictoc	TicToc by Bloomberg				Neutral	Surprise	Twitter						The Chinese mom who paid $6.5 million to send her daughter to Stanford thought she was actually donating it to the school #CollegeAdmissionsScandal https://t.co/AVdG3FyvNz	Tweet		
1124145067579645952		http://twitter.com/rockie_springer/status/1124145067579645952	RT @culttture In #CollegeAdmissionsScandal, Family Paid $6.5 Million to Get Their Daughter Into Stanford https://t.co/kdKZpotWZY	@rockie_springer	‚ùåRockie Springer‚ùå	United States of America	Texas	San Antonio	Neutral	Neutral	Twitter						"RT @culttture In #CollegeAdmissionsScandal, Family Paid $6.5 Million to Get Their Daughter Into Stanford

https://t.co/kdKZpotWZY"	Retweet		
1124337446970372101		http://twitter.com/TheMakaylaLynn/status/1124337446970372101	You need to be a special kind of mediocre to let your money speak for you and, essentially, disregard the thousands of students fighting to get an education at a reputable school. People of color... Scam your way in with intellect and skill. Forget em #CollegeAdmissionsScandal	@TheMakaylaLynn	Makayla Lynn üå∏	United States of America	Texas		Negative	Joy	Twitter	F					"You need to be a special kind of mediocre to let your money speak for you and, essentially, disregard the thousands of students fighting to get an education at a reputable school. 

People of color... Scam your way in with intellect and skill. Forget em
#CollegeAdmissionsScandal"	Tweet		
1124231606368186368		http://twitter.com/Barrister_/status/1124231606368186368	Want to know the details of the college admission fraud scandal involving Felicity Huffman and Lori Loughlin? #fraud #collegeadmissionsscandal #fraudbarrister #barrister #fraudlawyerhttps://www.tqlegal.co.uk/blog/the-college-admission-fraud-and-bribery-scam-in-60-seconds/	@Barrister_	TQ	United Kingdom	Greater London	London	Neutral	Neutral	Twitter						Want to know the details of the college admission fraud scandal involving Felicity Huffman and Lori Loughlin? #fraud #collegeadmissionsscandal #fraudbarrister #barrister #fraudlawyerhttps://www.tqlegal.co.uk/blog/the-college-admission-fraud-and-bribery-scam-in-60-seconds/	Tweet		
1124371366600478721		http://twitter.com/NYJusticeSeeker/status/1124371366600478721	Mrs. Zhao, #mother who paid $6.5M to #collegeadmissionsscandal, says she was duped https://t.co/oRO4WW41CI via @ABC7NY	@NYJusticeSeeker	NY J·¥ús·¥õ…™·¥Ñ·¥á S·¥á·¥á·¥ã·¥á Ä	United States of America	New York	New York	Neutral	Joy	Twitter						Mrs. Zhao, #mother who paid $6.5M to #collegeadmissionsscandal, says she was duped https://t.co/oRO4WW41CI via @ABC7NY	Tweet		
1124341619505942528		http://twitter.com/JennyGiarratano/status/1124341619505942528	All press isn't good press when a #university experiences a #collegeadmissionsscandal. #GeorgiaState economist Jonathan Smith finds high-profile scandals can lead to a 10% drop in applications. Learn more about his study: https://t.co/RuMjQE3UWE https://t.co/4BUzrfH0F5	@JennyGiarratano	Jennifer Giarratano	United States of America	Georgia	Atlanta	Neutral	Neutral	Twitter	F					All press isn't good press when a #university experiences a #collegeadmissionsscandal. #GeorgiaState economist Jonathan Smith finds high-profile scandals can lead to a 10% drop in applications. Learn more about his study: https://t.co/RuMjQE3UWE https://t.co/4BUzrfH0F5	Tweet		
1124160015969988608		http://twitter.com/aaroque2016/status/1124160015969988608	RT @culttture In #CollegeAdmissionsScandal, Family Paid $6.5 Million to Get Their Daughter Into Stanford https://t.co/kdKZpotWZY	@aaroque2016	Alex‚ö°Ô∏èü•©üåé	United States of America	Florida		Neutral	Neutral	Twitter	M					"RT @culttture In #CollegeAdmissionsScandal, Family Paid $6.5 Million to Get Their Daughter Into Stanford

https://t.co/kdKZpotWZY"	Retweet		
1124146370322083841		http://twitter.com/TheCtarble/status/1124146370322083841	RT @culttture In #CollegeAdmissionsScandal, Family Paid $6.5 Million to Get Their Daughter Into Stanford https://t.co/kdKZpotWZY	@TheCtarble	Ctarble				Neutral	Neutral	Twitter						"RT @culttture In #CollegeAdmissionsScandal, Family Paid $6.5 Million to Get Their Daughter Into Stanford

https://t.co/kdKZpotWZY"	Retweet		
1124329434310500352		http://twitter.com/KENDALLKUBAN/status/1124329434310500352	It‚Äôs hypocritical & WRONG to charge the parents BUT not the schools, this has been a MUTUAL act of fraud by both parties since FOREVER. GUARANTEED every single university does the SAME thing ... #loriloughlin #CollegeAdmissionsScandal #Colleg#CollegeCheatingScandal	@KENDALLKUBAN	queenB	United States of America	Florida	Miami	Negative	Anger	Twitter						"It‚Äôs hypocritical & WRONG to charge the parents BUT not the schools, this has been a MUTUAL act of fraud by both parties since FOREVER. GUARANTEED every single university does the SAME thing ... #loriloughlin  
#CollegeAdmissionsScandal  #Colleg#CollegeCheatingScandal"	Tweet		
1124351611894214656		http://twitter.com/ActifyPress/status/1124351611894214656	The #CollegeAdmissionsScandal shows the #USA is far from a meritocracy: https://t.co/pCVLebVbhr	@ActifyPress	Actify Press				Neutral	Neutral	Twitter						The #CollegeAdmissionsScandal shows the #USA is far from a meritocracy: https://t.co/pCVLebVbhr	Tweet		
1124349868942745605		http://twitter.com/BenthallPrep/status/1124349868942745605	Good luck to all the students taking the SAT tomorrow! P.S. Writing on your hands prior to testing is not recommended. #SATpractice #CollegeAdmissionsScandal https://t.co/XOuXIsvoAL	@BenthallPrep	Benthall Test Prep	United States of America	North Carolina	Charlotte	Positive	Fear	Twitter						Good luck to all the students taking the SAT tomorrow!  P.S. Writing on your hands prior to testing is not recommended. #SATpractice #CollegeAdmissionsScandal https://t.co/XOuXIsvoAL	Tweet		
1124387918066388992		http://twitter.com/ZackSTaylor1/status/1124387918066388992	RT @BigPapa_Gabe I don't know why anyone is surprised by this - low federal and state funding has made colleges and universities dependent on large donors and international students. If you want less graft you need more funding #ThursdayThoughts #CollegeAdmissionsScandal https://t.co/1AnNlmZnB8	@ZackSTaylor1	Zack S Taylor	United States of America			Negative	Neutral	Twitter	M					"RT @BigPapa_Gabe I don't know why anyone is surprised by this - low federal and state funding has made colleges and universities dependent on large donors and international students.

If you want less graft you need more funding #ThursdayThoughts #CollegeAdmissionsScandal

https://t.co/1AnNlmZnB8"	Retweet		
1124160176557297665		http://twitter.com/cas_huntington/status/1124160176557297665	RT @culttture In #CollegeAdmissionsScandal, Family Paid $6.5 Million to Get Their Daughter Into Stanford https://t.co/kdKZpotWZY	@cas_huntington	Chris Huntingtonüè¥üêæüêª				Neutral	Neutral	Twitter	M					"RT @culttture In #CollegeAdmissionsScandal, Family Paid $6.5 Million to Get Their Daughter Into Stanford

https://t.co/kdKZpotWZY"	Retweet		
1124142785240506369		http://twitter.com/culttture/status/1124142785240506369	In #CollegeAdmissionsScandal, Family Paid $6.5 Million to Get Their Daughter Into Stanford https://t.co/kdKZpotWZY	@culttture	Culttture				Neutral	Joy	Twitter						"In #CollegeAdmissionsScandal, Family Paid $6.5 Million to Get Their Daughter Into Stanford

https://t.co/kdKZpotWZY"	Tweet		
1124327295391498242		http://twitter.com/Dan3a/status/1124327295391498242	How much did it cost to get #Chubbell into Stanford? #AdmissionsScandal #CollegeAdmissionsScandal	@Dan3a	Truth and Justice üëçüèª	United States of America			Neutral	Unclassified	Twitter						"How much did it cost to get #Chubbell into Stanford?
#AdmissionsScandal
#CollegeAdmissionsScandal"	Tweet		
1124103808240553984		http://twitter.com/valentine_fa/status/1124103808240553984	RT @HumanRtsV #CollegeAdmissionsScandal #JusticeDepartment #CollegeAdmissions scandal mystery solved? Chinese family allegedly paid $6.5 million.. https://t.co/89cy4sgXjk @Stanford @MorganStanley @FBILosAngeles @LAPDHQ @FBI #MASA #HRV	@valentine_fa	FA Valentine				Neutral	Joy	Twitter						"RT @HumanRtsV #CollegeAdmissionsScandal

#JusticeDepartment
#CollegeAdmissions scandal mystery solved? Chinese family allegedly paid $6.5 million..

https://t.co/89cy4sgXjk

@Stanford @MorganStanley
@FBILosAngeles @LAPDHQ
@FBI

#MASA #HRV"	Retweet		
1124387966854602752		http://twitter.com/abc7newsbayarea/status/1124387966854602752	A mother accused in the #collegeadmissionsscandal says after her daughter was accepted to #Stanford, she paid $6.5 million that she thought was going toward helping underprivileged students: https://t.co/Ra3hy6W9H7	@abc7newsbayarea	ABC7 News	United States of America	California	San Francisco	Neutral	Sadness	Twitter						A mother accused in the #collegeadmissionsscandal says after her daughter was accepted to #Stanford, she paid $6.5 million that she thought was going toward helping underprivileged students:    https://t.co/Ra3hy6W9H7	Tweet		
1124391040461312000		http://twitter.com/aquastranger/status/1124391040461312000	RT @tictoc The Chinese mom who paid $6.5 million to send her daughter to Stanford thought she was actually donating it to the school #CollegeAdmissionsScandal https://t.co/AVdG3FyvNz	@aquastranger	Tired & Hungry				Neutral	Surprise	Twitter						RT @tictoc The Chinese mom who paid $6.5 million to send her daughter to Stanford thought she was actually donating it to the school #CollegeAdmissionsScandal https://t.co/AVdG3FyvNz	Retweet		
1124270890034843648		http://twitter.com/stuartbishop36/status/1124270890034843648	#CollegeAdmissionsScandal Admissions Scandal: When ‚ÄòHard Work‚Äô (Plus $6.5 Million) Helps Get You Into Stanford https://t.co/BPNTTXZeug	@stuartbishop36	Stuart Bishop	United States of America	Pennsylvania	Pittsburgh	Neutral	Joy	Twitter	M					"#CollegeAdmissionsScandal

Admissions Scandal: When ‚ÄòHard Work‚Äô (Plus $6.5 Million) Helps Get You Into Stanford https://t.co/BPNTTXZeug"	Tweet		
1124446169772511232		http://twitter.com/kathoderaytube/status/1124446169772511232	"RT @nosoupforgeorge ‚ÄúI‚Äôm not saying Bailey‚Äôs stupid, just that the dog clearly never does any work, and whenever you look over during class, he‚Äôs never paying attention."" #CollegeCheatingScandal #CollegeAdmissionsScandal #FridayFeeling #GoBears https://t.co/7RjMwKlsuj"	@kathoderaytube	Kathy Cahill ‚ùÑ	United States of America	Massachusetts	Boston	Negative	Anger	Twitter	F					"RT @nosoupforgeorge ‚ÄúI‚Äôm not saying Bailey‚Äôs stupid, just that the dog clearly never does any work, and whenever you look over during class, he‚Äôs never paying attention.""

#CollegeCheatingScandal #CollegeAdmissionsScandal #FridayFeeling #GoBears https://t.co/7RjMwKlsuj"	Retweet		
1124444260193927168		http://twitter.com/Roseybaby63/status/1124444260193927168	"RT @nosoupforgeorge ‚ÄúI‚Äôm not saying Bailey‚Äôs stupid, just that the dog clearly never does any work, and whenever you look over during class, he‚Äôs never paying attention."" #CollegeCheatingScandal #CollegeAdmissionsScandal #FridayFeeling #GoBears https://t.co/7RjMwKlsuj"	@Roseybaby63	Rose Scafide	United States of America	New Jersey	Sicklerville	Negative	Anger	Twitter	F					"RT @nosoupforgeorge ‚ÄúI‚Äôm not saying Bailey‚Äôs stupid, just that the dog clearly never does any work, and whenever you look over during class, he‚Äôs never paying attention.""

#CollegeCheatingScandal #CollegeAdmissionsScandal #FridayFeeling #GoBears https://t.co/7RjMwKlsuj"	Retweet		
1124362532339298304		http://twitter.com/pizzatoolsx0/status/1124362532339298304	Lori Loughlin looking for a crisis manager amid admissions scandal #CollegeAdmissionsBribeScandal #AdmissionsScam #Collegegate #CollegeAdmissionsScam #CollegeAdmissionsScandal #CollegeAdmissionCheatingScandal https://t.co/wwCrtSSY0H via @pagesix	@pizzatoolsx0	Charles	United States of America	New York	New York	Neutral	Neutral	Twitter	M					Lori Loughlin looking for a crisis manager amid admissions scandal #CollegeAdmissionsBribeScandal #AdmissionsScam #Collegegate #CollegeAdmissionsScam #CollegeAdmissionsScandal #CollegeAdmissionCheatingScandal https://t.co/wwCrtSSY0H via @pagesix	Tweet		
1124377372244021248		http://twitter.com/YouThou61968029/status/1124377372244021248	RT @tictoc The Chinese mom who paid $6.5 million to send her daughter to Stanford thought she was actually donating it to the school #CollegeAdmissionsScandal https://t.co/AVdG3FyvNz	@YouThou61968029	Monroe@YouThought				Neutral	Surprise	Twitter	M					RT @tictoc The Chinese mom who paid $6.5 million to send her daughter to Stanford thought she was actually donating it to the school #CollegeAdmissionsScandal https://t.co/AVdG3FyvNz	Retweet		
1124372786397552642		http://twitter.com/pizzatoolsx0/status/1124372786397552642	After national scandal, how colleges and students navigate admissions process #CollegeAdmissionsBribeScandal #AdmissionsScam #Collegegate #CollegeAdmissionsScam #CollegeAdmissionsScandal #CollegeAdmissionCheatingScandal https://t.co/VjZ3UkScmS	@pizzatoolsx0	Charles	United States of America	New York	New York	Neutral	Unclassified	Twitter	M					After national scandal, how colleges and students navigate admissions process #CollegeAdmissionsBribeScandal #AdmissionsScam #Collegegate #CollegeAdmissionsScam #CollegeAdmissionsScandal #CollegeAdmissionCheatingScandal https://t.co/VjZ3UkScmS	Tweet		
1124454201856335872		http://twitter.com/InquisitiveKim/status/1124454201856335872	Olivia Jade moves out of Lori Loughlin's home. #CollegeAdmissionsScandal https://t.co/U81xPODZUD	@InquisitiveKim	Inquisitive Kim				Neutral	Neutral	Twitter	F					Olivia Jade moves out of Lori Loughlin's home. #CollegeAdmissionsScandal https://t.co/U81xPODZUD	Tweet		
1124449268222193664		http://twitter.com/TseWilliams/status/1124449268222193664	College admissions scandal yale #whiteprivilege #collegeadmissionsscandal @ Newark, New Jersey https://t.co/n6ISSbNYff	@TseWilliams	Tse Williams	United States of America	New Jersey	New York	Neutral	Neutral	Twitter						College admissions scandal yale #whiteprivilege #collegeadmissionsscandal @ Newark, New Jersey https://t.co/n6ISSbNYff	Tweet		
1124110179417645057		http://twitter.com/paloaltoweekly/status/1124110179417645057	Update: An attorney for the mother of a #Stanford student who reportedly paid $6.5M to secure a spot at the university in connection to the #CollegeAdmissionsScandal says her daughter ‚Äòhas fallen victim to the scam.‚Äô https://t.co/OUQ4aESbap https://t.co/PBkn0aHzSb	@paloaltoweekly	Palo Alto Weekly	United States of America	California	San Francisco	Neutral	Sadness	Twitter						Update: An attorney for the mother of a #Stanford student who reportedly paid $6.5M to secure a spot at the university in connection to the #CollegeAdmissionsScandal says her daughter ‚Äòhas fallen victim to the scam.‚Äô https://t.co/OUQ4aESbap https://t.co/PBkn0aHzSb	Tweet		
1124452415552598016		http://twitter.com/Elena37372113/status/1124452415552598016	I'm in need of sugar babies to spoil with my money, I don't need your account details, just DM and retweet #CollegeSigningDay #CollegeAdmissionsScandal #collegelife #collegelife #collegefootball #collegestudents #bitcoin #CollegeBound	@Elena37372113	Elena				Positive	Anger	Twitter	F					I'm in need of sugar babies to spoil with my money, I don't need your account details, just DM and retweet #CollegeSigningDay #CollegeAdmissionsScandal #collegelife #collegelife #collegefootball #collegestudents #bitcoin #CollegeBound	Tweet		
1124437140924817408		http://twitter.com/nosoupforgeorge/status/1124437140924817408	"‚ÄúI‚Äôm not saying Bailey‚Äôs stupid, just that the dog clearly never does any work, and whenever you look over during class, he‚Äôs never paying attention."" #CollegeCheatingScandal #CollegeAdmissionsScandal #FridayFeeling #GoBears https://t.co/7RjMwKlsuj"	@nosoupforgeorge	Matt	United States of America	California		Negative	Anger	Twitter	M					"‚ÄúI‚Äôm not saying Bailey‚Äôs stupid, just that the dog clearly never does any work, and whenever you look over during class, he‚Äôs never paying attention.""

#CollegeCheatingScandal #CollegeAdmissionsScandal #FridayFeeling #GoBears https://t.co/7RjMwKlsuj"	Tweet		
1124307248002453506		http://twitter.com/bookpr/status/1124307248002453506	"Mrs. Zhao innocently gave $6.5 million to ""Rick"" Singer's foundation to help others. What a coincidence! The same thing happened to Mama Mothball! https://t.co/r16CBRe50K https://t.co/yiB4sfrGAr via @cnn @FaithMKarimi_ @brynnCNN #CollegeAdmissionsScandal"	@bookpr	Stacey J. Miller	United States of America	Massachusetts	Sharon	Neutral	Neutral	Twitter	F					"Mrs. Zhao innocently gave $6.5 million to ""Rick"" Singer's foundation to help others. What a coincidence! The same thing happened to Mama Mothball! https://t.co/r16CBRe50K https://t.co/yiB4sfrGAr via @cnn @FaithMKarimi_ @brynnCNN #CollegeAdmissionsScandal"	Tweet		
1124379367784755200		http://twitter.com/SusanVermazen/status/1124379367784755200	RT @tictoc The Chinese mom who paid $6.5 million to send her daughter to Stanford thought she was actually donating it to the school #CollegeAdmissionsScandal https://t.co/AVdG3FyvNz	@SusanVermazen	Susan Vermazen	United States of America	Massachusetts	Boston	Neutral	Surprise	Twitter	F					RT @tictoc The Chinese mom who paid $6.5 million to send her daughter to Stanford thought she was actually donating it to the school #CollegeAdmissionsScandal https://t.co/AVdG3FyvNz	Retweet		
1124315112918126593		http://twitter.com/Jevaughn_Brown/status/1124315112918126593	RT @culttture In #CollegeAdmissionsScandal, Family Paid $6.5 Million to Get Their Daughter Into Stanford https://t.co/kdKZpotWZY	@Jevaughn_Brown	Jevaughn Brown üëë+++				Neutral	Neutral	Twitter						"RT @culttture In #CollegeAdmissionsScandal, Family Paid $6.5 Million to Get Their Daughter Into Stanford

https://t.co/kdKZpotWZY"	Retweet		
1124279539729932289		http://twitter.com/Josh73304345/status/1124279539729932289	First 5 people to RT,like,Dm & follow will be getting 500$ only from USA,UK,Canada. #HORNY_berat #cumtribute #spankingpaddling #CollegeAdmissionsScandal #CollegeStation #collegedecisionday #TeenMom2 #jailbait #CollegeSigningDay2019 #CollegeSigningDay #blockchain #Blacktwitter https://t.co/5kJzVOv0h9	@Josh73304345	Josh	United States of America	Arizona		Neutral	Neutral	Twitter	M					"First 5 people to RT,like,Dm & follow will be getting 500$ only from USA,UK,Canada.
 #HORNY_berat #cumtribute  #spankingpaddling #CollegeAdmissionsScandal #CollegeStation #collegedecisionday #TeenMom2 #jailbait #CollegeSigningDay2019 #CollegeSigningDay #blockchain #Blacktwitter https://t.co/5kJzVOv0h9"	Tweet		
1124101479789400064		http://twitter.com/editoretg/status/1124101479789400064	RT @SaleVictims An excellent and insightful article by #VictimsForSaleBook #author @nishamarnath - Totally a recommended read. #amreading #CollegeAdmissionsScandal #CollegeAdmissionsScam #ReadersFavorite #BestofAmerica https://t.co/VTBss7oSoQ	@editoretg	Swati Amar	India	Tamil Nadu	Chennai	Positive	Joy	Twitter	F					"RT @SaleVictims An excellent and insightful article by #VictimsForSaleBook #author @nishamarnath - Totally a recommended read. 
#amreading #CollegeAdmissionsScandal #CollegeAdmissionsScam #ReadersFavorite #BestofAmerica https://t.co/VTBss7oSoQ"	Retweet		
1124375303428673536		http://twitter.com/aneeshguptaag/status/1124375303428673536	RT @tictoc The Chinese mom who paid $6.5 million to send her daughter to Stanford thought she was actually donating it to the school #CollegeAdmissionsScandal https://t.co/AVdG3FyvNz	@aneeshguptaag	Aneesh Gupta	India			Neutral	Surprise	Twitter	M					RT @tictoc The Chinese mom who paid $6.5 million to send her daughter to Stanford thought she was actually donating it to the school #CollegeAdmissionsScandal https://t.co/AVdG3FyvNz	Retweet		
1124428320194551808		http://twitter.com/Renao8/status/1124428320194551808	RT @tictoc The Chinese mom who paid $6.5 million to send her daughter to Stanford thought she was actually donating it to the school #CollegeAdmissionsScandal https://t.co/AVdG3FyvNz	@Renao8	Renao8	Mexico	Veracruz	Veracruz	Neutral	Surprise	Twitter						RT @tictoc The Chinese mom who paid $6.5 million to send her daughter to Stanford thought she was actually donating it to the school #CollegeAdmissionsScandal https://t.co/AVdG3FyvNz	Retweet		
1124359563594039296		http://twitter.com/_YvonneBurton/status/1124359563594039296	RT @culttture In #CollegeAdmissionsScandal, Family Paid $6.5 Million to Get Their Daughter Into Stanford https://t.co/kdKZpotWZY	@_YvonneBurton	yvonneburton ‚úùÔ∏è	United States of America	Tennessee	Memphis	Neutral	Neutral	Twitter						"RT @culttture In #CollegeAdmissionsScandal, Family Paid $6.5 Million to Get Their Daughter Into Stanford

https://t.co/kdKZpotWZY"	Retweet		
1124296826436374530		http://twitter.com/RyanAiken/status/1124296826436374530	RT @julie_rendelman Thank you, @YahooFinance and @zGuz, for having me on to discuss the #CollegeAdmissionsScandal https://t.co/rrreZrxzVw	@RyanAiken	RyanAiken	United States of America	New York	New York	Neutral	Joy	Twitter						RT @julie_rendelman Thank you, @YahooFinance and @zGuz, for having me on to discuss the #CollegeAdmissionsScandal https://t.co/rrreZrxzVw	Retweet		
1124297656543662080		http://twitter.com/Beauinadventure/status/1124297656543662080	Seriously?! damn paying all these money to get your kids into a college got me all twisted up. 6.5 million could‚Äôve sent you and your entire family to college with enough left for the grandkids. I need a sponsor to clear my college bills #CollegeAdmissionsScandal	@Beauinadventure	Beautyinadventure				Negative	Anger	Twitter						Seriously?! damn paying all these money to get your kids into a college got me all twisted up. 6.5 million could‚Äôve sent you and your entire family to college with enough left for the grandkids. I need a sponsor to clear my college bills #CollegeAdmissionsScandal	Tweet		
1124246822292033536		http://twitter.com/MuniGUARDNews/status/1124246822292033536	Family in China paid $6.5 million to #CollegeAdmissions fixer for a spot at Stanford, sources say - Los Angeles Times #muniland #CollegeAdmissionsScandal @DPCDATA https://t.co/Hf8fKuEIBw	@MuniGUARDNews	MuniGUARDNews				Neutral	Neutral	Twitter						Family in China paid $6.5 million to #CollegeAdmissions fixer for a spot at Stanford, sources say - Los Angeles Times #muniland #CollegeAdmissionsScandal @DPCDATA https://t.co/Hf8fKuEIBw	Tweet		
1124145020502568960		http://twitter.com/madlad131/status/1124145020502568960	RT @JuliusM66582177 $3500 allowance for college babes to pay their bills and school loans...like,RT and DM me #sugarbaby #sugarbabyneeded #collegelife #sugardaddydating #sugardaddyneeded #SugarDaddyWanted #sugardaddies #sugarmummy #collegeadmissionsscandal #collegecallgirls https://t.co/8SH2s4Pgm0	@madlad131	madlad13				Positive	Neutral	Twitter						"RT @JuliusM66582177 $3500 allowance for college babes to pay their bills and school loans...like,RT and DM me 
#sugarbaby #sugarbabyneeded #collegelife #sugardaddydating #sugardaddyneeded #SugarDaddyWanted #sugardaddies 
#sugarmummy
#collegeadmissionsscandal #collegecallgirls https://t.co/8SH2s4Pgm0"	Retweet		
1124149282158907392		http://twitter.com/jazzbear09/status/1124149282158907392	RT @culttture In #CollegeAdmissionsScandal, Family Paid $6.5 Million to Get Their Daughter Into Stanford https://t.co/kdKZpotWZY	@jazzbear09	Jazzbear09				Neutral	Neutral	Twitter						"RT @culttture In #CollegeAdmissionsScandal, Family Paid $6.5 Million to Get Their Daughter Into Stanford

https://t.co/kdKZpotWZY"	Retweet		
1124192008476725248		http://twitter.com/GeorgeMentz/status/1124192008476725248	The latest THE WALL STREET GLOBE ‚Ñ¢ & BOSTON NEWSLETTER EST. 1704! https://t.co/rNoYmf27Ee Thanks to @saumvaish @trish_regan #tbt #collegeadmissionsscandal	@GeorgeMentz	George Mentz JD MBA				Positive	Joy	Twitter	M					The latest THE WALL STREET GLOBE ‚Ñ¢ & BOSTON NEWSLETTER EST. 1704! https://t.co/rNoYmf27Ee Thanks to @saumvaish @trish_regan #tbt #collegeadmissionsscandal	Tweet		
1124402430890762240		http://twitter.com/LawCrimeNetwork/status/1124402430890762240	Brian Buckmire and Panel Discuss the Mueller Report & College Admissions Scandal #MuellerReport #CollegeAdmissionsScandal @BuckEsq @EluraNanos @WendyPatrickPhD https://t.co/G6E3lDtROU	@LawCrimeNetwork	Law & Crime Network	United States of America	Washington	Spokane	Neutral	Neutral	Twitter						Brian Buckmire and Panel Discuss the Mueller Report & College Admissions Scandal #MuellerReport #CollegeAdmissionsScandal @BuckEsq @EluraNanos @WendyPatrickPhD https://t.co/G6E3lDtROU	Tweet		
1124389110905360384		http://twitter.com/TeeELCee_/status/1124389110905360384	RT @abc7newsbayarea A mother accused in the #collegeadmissionsscandal says after her daughter was accepted to #Stanford, she paid $6.5 million that she thought was going toward helping underprivileged students: https://t.co/Ra3hy6W9H7	@TeeELCee_	tiffany				Neutral	Unclassified	Twitter	F					RT @abc7newsbayarea A mother accused in the #collegeadmissionsscandal says after her daughter was accepted to #Stanford, she paid $6.5 million that she thought was going toward helping underprivileged students:    https://t.co/Ra3hy6W9H7	Retweet		
1124437443288104960		http://twitter.com/mg_returns/status/1124437443288104960	RT @ActifyPress The #CollegeAdmissionsScandal shows the #USA is far from a meritocracy: https://t.co/pCVLebVbhr	@mg_returns	The Left: Divided & Undercapitalized	United States of America			Neutral	Neutral	Twitter						RT @ActifyPress The #CollegeAdmissionsScandal shows the #USA is far from a meritocracy: https://t.co/pCVLebVbhr	Retweet		
1124323569444507648		http://twitter.com/droptoppintrey/status/1124323569444507648	@katetaylornyt Name ONE college that you know of that makes you pay $6.5 million for admission?..... ‚ÄúTake Your Time, I‚Äôll Wait‚Äùü§î #CollegeAdmissionsScandal	@droptoppintrey	Trey				Neutral	Unclassified	Twitter	M					"@katetaylornyt Name ONE college that you know of that makes you pay $6.5 million for admission?..... 
‚ÄúTake Your Time, I‚Äôll Wait‚Äùü§î
#CollegeAdmissionsScandal"	Reply		
1124116542516596736		http://twitter.com/mOppenheimTV/status/1124116542516596736	#NEWS: Following the #CollegeAdmissionsScandal, a new poll reveals what Americans think of the college #admissions process https://t.co/OdVwApw6HB	@mOppenheimTV	m/OppenheimTV	United States of America	California	San Francisco	Neutral	Neutral	Twitter						#NEWS: Following the #CollegeAdmissionsScandal, a new poll reveals what Americans think of the college #admissions process https://t.co/OdVwApw6HB	Tweet		
1124142874612965377		http://twitter.com/keldoc405/status/1124142874612965377	RT @culttture In #CollegeAdmissionsScandal, Family Paid $6.5 Million to Get Their Daughter Into Stanford https://t.co/kdKZpotWZY	@keldoc405	KathleenL	United States of America			Neutral	Neutral	Twitter						"RT @culttture In #CollegeAdmissionsScandal, Family Paid $6.5 Million to Get Their Daughter Into Stanford

https://t.co/kdKZpotWZY"	Retweet		
1124375779889045504		http://twitter.com/LavenderLives/status/1124375779889045504	RT @LavenderLives Is Tedd Leiu connected to Target üéØ and or this #CollegeAdmissionsScandal With üéØ designer Mossimo ‚ùì https://t.co/tszBzCTMvU	@LavenderLives	Lavender Lives ü§∫ Helmet Heads				Neutral	Neutral	Twitter						"RT @LavenderLives Is Tedd Leiu connected to Target üéØ and or this #CollegeAdmissionsScandal 

With üéØ designer Mossimo ‚ùì https://t.co/tszBzCTMvU"	Retweet		
1124363115796336640		http://twitter.com/lotteda4/status/1124363115796336640	RT @patte151 I‚Äôm flabbergasted at the college admissions scandal. My daughter will get her Bachelors Of Arts Degree tomorrow! She will receive it based on hard work. She is a finaid recipient. We sacrificed. The reward is all hers! üéì #CollegeAdmissionsScandal @Morning_Joe @MSNBC #MorningJoe	@lotteda4	liberalhippie				Neutral	Joy	Twitter						RT @patte151 I‚Äôm flabbergasted at the college admissions scandal. My daughter will get her Bachelors Of Arts Degree tomorrow! She will receive it based on hard work. She is a finaid recipient. We sacrificed. The reward is all hers! üéì #CollegeAdmissionsScandal @Morning_Joe @MSNBC #MorningJoe	Retweet		
1124405489100513280		http://twitter.com/EdenMaria6/status/1124405489100513280	In need of a sugar baby text me on 4029997073üíã #sugardaddy #SugarBabyTwitter #sugardaddywanted #CollegeSigningDay #CollegeStudent #collegelife #CollegeAdmissionsScandal	@EdenMaria6	Eden Maria	United States of America	Illinois		Positive	Unclassified	Twitter	F					In need of a sugar baby text me on 4029997073üíã #sugardaddy #SugarBabyTwitter #sugardaddywanted #CollegeSigningDay #CollegeStudent #collegelife #CollegeAdmissionsScandal	Tweet		
1124116629325893632		http://twitter.com/sdut/status/1124116629325893632	Families who paid largest sums in admissions scheme say they were duped https://t.co/F1SNvkhni4 #Collegeadmissionsscandal [Breaking] https://t.co/yMMZMuy5C1	@sdut	San Diego Union-Tribune	United States of America	California	San Diego	Neutral	Sadness	Twitter	M					Families who paid largest sums in admissions scheme say they were duped https://t.co/F1SNvkhni4 #Collegeadmissionsscandal [Breaking] https://t.co/yMMZMuy5C1	Tweet		
1124203349648105472		http://twitter.com/DavidTheroux/status/1124203349648105472	Higher education in America is in crisis: 'Restoring the Promise' equips the reader to understand the necessary changes & spark a true educational renaissance. https://t.co/NbRCjO84b8 ‚Ä¶ #highereducation #IIBooks #college #CollegeCheatingScandal #CollegeAdmissionsScandal	@DavidTheroux	David J. Theroux	United States of America	California	San Francisco	Neutral	Neutral	Twitter	M					Higher education in America is in crisis: 'Restoring the Promise' equips the reader to understand the necessary changes & spark a true educational renaissance. https://t.co/NbRCjO84b8 ‚Ä¶ #highereducation #IIBooks #college #CollegeCheatingScandal #CollegeAdmissionsScandal	Tweet		
1124269327719567361		http://twitter.com/pizzatoolsx0/status/1124269327719567361	Mom who paid $6.5 Million in college scam thought she was making donation to Stanford: lawyer #CollegeAdmissionsBribeScandal #AdmissionsScam #Collegegate #CollegeAdmissionsScam #CollegeAdmissionsScandal #CollegeAdmissionCheatingScandal https://t.co/ZNrZtBcZND via @nypost	@pizzatoolsx0	Charles	United States of America	New York	New York	Neutral	Unclassified	Twitter	M					Mom who paid $6.5 Million in college scam thought she was making donation to Stanford:  lawyer #CollegeAdmissionsBribeScandal #AdmissionsScam #Collegegate #CollegeAdmissionsScam #CollegeAdmissionsScandal #CollegeAdmissionCheatingScandal https://t.co/ZNrZtBcZND via @nypost	Tweet		
1124105682062643201		http://twitter.com/eaglefeather43/status/1124105682062643201	RT @HumanRtsV #CollegeAdmissionsScandal #JusticeDepartment #CollegeAdmissions scandal mystery solved? Chinese family allegedly paid $6.5 million.. https://t.co/89cy4sgXjk @Stanford @MorganStanley @FBILosAngeles @LAPDHQ @FBI #MASA #HRV	@eaglefeather43	Pablo Sancho	United States of America			Neutral	Joy	Twitter	M					"RT @HumanRtsV #CollegeAdmissionsScandal

#JusticeDepartment
#CollegeAdmissions scandal mystery solved? Chinese family allegedly paid $6.5 million..

https://t.co/89cy4sgXjk

@Stanford @MorganStanley
@FBILosAngeles @LAPDHQ
@FBI

#MASA #HRV"	Retweet		
1124119751335337984		http://twitter.com/georgialove0916/status/1124119751335337984	RT @HumanRtsV #CollegeAdmissionsScandal #JusticeDepartment #CollegeAdmissions scandal mystery solved? Chinese family allegedly paid $6.5 million.. https://t.co/89cy4sgXjk @Stanford @MorganStanley @FBILosAngeles @LAPDHQ @FBI #MASA #HRV	@georgialove0916	georgia love	United States of America			Neutral	Joy	Twitter	F					"RT @HumanRtsV #CollegeAdmissionsScandal

#JusticeDepartment
#CollegeAdmissions scandal mystery solved? Chinese family allegedly paid $6.5 million..

https://t.co/89cy4sgXjk

@Stanford @MorganStanley
@FBILosAngeles @LAPDHQ
@FBI

#MASA #HRV"	Retweet		
1124275038839083008		http://twitter.com/pizzatoolsx0/status/1124275038839083008	Student whose family paid $6.5 Million in scam says 'hard work' got her into Stanford #CollegeAdmissionsBribeScandal #AdmissionsScam #Collegegate #CollegeAdmissionsScam #CollegeAdmissionsScandal #CollegeAdmissionCheatingScandal https://t.co/l9UMSeel41 via @nypost	@pizzatoolsx0	Charles	United States of America	New York	New York	Neutral	Joy	Twitter	M					Student whose family paid $6.5 Million in scam says 'hard work' got her into Stanford #CollegeAdmissionsBribeScandal #AdmissionsScam #Collegegate #CollegeAdmissionsScam #CollegeAdmissionsScandal #CollegeAdmissionCheatingScandal https://t.co/l9UMSeel41 via @nypost	Tweet		
1124308187224662016		http://twitter.com/paulinepark/status/1124308187224662016	$6.5 million in #bribes will get you into #Stanford U.; just ask #YusufZhao~! #weatlh is everything in a #neoliberal #economy whether you're Chinese, American or anything else; #VarsityBlues, anyone...? So much for #meritocracy~! #CollegeAdmissionsScandal https://t.co/MCfSn65f4I	@paulinepark	Pauline Park	United States of America	New York	New York	Positive	Neutral	Twitter	F					$6.5 million in #bribes will get you into #Stanford U.; just ask #YusufZhao~! #weatlh is everything in a #neoliberal #economy whether you're Chinese, American or anything else; #VarsityBlues, anyone...? So much for #meritocracy~! #CollegeAdmissionsScandal https://t.co/MCfSn65f4I	Tweet		
1124391929796603906		http://twitter.com/phillipsnizer/status/1124391929796603906	The @AP quotes Bradley Simon, Co-Chair, #PhillipsNizer White Collar Criminal Defense Practice on the recent guilty pleas and cooperating defendants in the #collegeadmissionsscandal: https://t.co/MuClyZfEBR ‚Ä¶ #CollegeCheatingScandal #education #colleges #educationnews	@phillipsnizer	Phillips Nizer LLP	United States of America			Neutral	Neutral	Twitter						The @AP quotes Bradley Simon, Co-Chair, #PhillipsNizer White Collar Criminal Defense Practice on the recent guilty pleas and cooperating defendants in the #collegeadmissionsscandal: https://t.co/MuClyZfEBR ‚Ä¶ #CollegeCheatingScandal #education #colleges #educationnews	Tweet		
1124285421582680064		http://twitter.com/drpatfarrell/status/1124285421582680064	"Yeah, that young woman got into Stanford on ""my own hard work"" and the 6.5M her parents gave to get her in. Now she's been expelled in her sophomore year. #CollegeAdmissionsScandal"	@drpatfarrell	Patricia Farrell	United States of America			Neutral	Joy	Twitter	F					"Yeah, that young woman got into Stanford on ""my own hard work"" and the 6.5M her parents gave to get her in. Now she's been expelled in her sophomore year. #CollegeAdmissionsScandal"	Tweet		
1124130946268180480		http://twitter.com/Reeder1234/status/1124130946268180480	I hope my parents don‚Äôt get investigated for involvement in this college admission scheme. I don‚Äôt remember the exact numbers, but it was somewhere between $25-$50 to guarantee my acceptance into junior college. #CollegeAdmissionsScandal	@Reeder1234	Garrett Reeder	United States of America	Mississippi	Gulfport	Neutral	Fear	Twitter	M					I hope my parents don‚Äôt get investigated for involvement in this college admission scheme. I don‚Äôt remember the exact numbers, but it was somewhere between $25-$50 to guarantee my acceptance into junior college. #CollegeAdmissionsScandal	Tweet		
1124334059277176832		http://twitter.com/ScaleEvangelist/status/1124334059277176832	Admissions Scandal: When ‚ÄòHard Work‚Äô (Plus $6.5 Million) Helps Get You Into Stanford #CollegeAdmissionsScandal ‚Å¶@nytimes‚Å© https://t.co/9iWfn3GJiS	@ScaleEvangelist	Megan Moritz	United States of America	Massachusetts	Boston	Neutral	Joy	Twitter	F					Admissions Scandal: When ‚ÄòHard Work‚Äô (Plus $6.5 Million) Helps Get You Into Stanford #CollegeAdmissionsScandal ‚Å¶@nytimes‚Å©  https://t.co/9iWfn3GJiS	Tweet		
1124380925557657607		http://twitter.com/oza4/status/1124380925557657607	@tictoc Poor country, Stanford university must be nationalized #CollegeAdmissionsScandal	@oza4	Teo	Venezuela			Negative	Sadness	Twitter	M					@tictoc Poor country, Stanford university must be nationalized #CollegeAdmissionsScandal	Reply		
1124284007812882433		http://twitter.com/DMNCBIRD/status/1124284007812882433	RT @patte151 I‚Äôm flabbergasted at the college admissions scandal. My daughter will get her Bachelors Of Arts Degree tomorrow! She will receive it based on hard work. She is a finaid recipient. We sacrificed. The reward is all hers! üéì #CollegeAdmissionsScandal @Morning_Joe @MSNBC #MorningJoe	@DMNCBIRD	@DSnittyBangBang				Neutral	Joy	Twitter						RT @patte151 I‚Äôm flabbergasted at the college admissions scandal. My daughter will get her Bachelors Of Arts Degree tomorrow! She will receive it based on hard work. She is a finaid recipient. We sacrificed. The reward is all hers! üéì #CollegeAdmissionsScandal @Morning_Joe @MSNBC #MorningJoe	Retweet		
1124378216620335104		http://twitter.com/Stephan70943560/status/1124378216620335104	RT @tictoc The Chinese mom who paid $6.5 million to send her daughter to Stanford thought she was actually donating it to the school #CollegeAdmissionsScandal https://t.co/AVdG3FyvNz	@Stephan70943560	Stephanie				Neutral	Surprise	Twitter	F					RT @tictoc The Chinese mom who paid $6.5 million to send her daughter to Stanford thought she was actually donating it to the school #CollegeAdmissionsScandal https://t.co/AVdG3FyvNz	Retweet		
1124375765452124160		http://twitter.com/btcnasia/status/1124375765452124160	The Chinese mom who paid $6.5 million to send her daughter to Stanford thought she was actually donating it to the school #CollegeAdmissionsScandal https://t.co/brUkEGP12j @tictoc	@btcnasia	btcn asia				Neutral	Surprise	Twitter	F					The Chinese mom who paid $6.5 million to send her daughter to Stanford thought she was actually donating it to the school #CollegeAdmissionsScandal https://t.co/brUkEGP12j @tictoc	Tweet		
1124311647429038082		http://twitter.com/StoriesOsagie/status/1124311647429038082	RT @TrueNewsNG The mother of a #Chinese student admitted Friday she paid $6.5 million to the man at the heart of a US college admission scandal but said she was duped into believing the sum was a charitable donation...Read More: https://t.co/fIJEoZ2t1V #University #CollegeAdmissionsScandal	@StoriesOsagie	Igierobo Bonaventure	Nigeria			Neutral	Neutral	Twitter						"RT @TrueNewsNG The mother of a #Chinese student admitted Friday she paid $6.5 million to the man at the heart of a US college admission scandal but said she was duped into believing the sum was a charitable donation...Read More:  https://t.co/fIJEoZ2t1V
#University #CollegeAdmissionsScandal"	Retweet		
1124279516447346688		http://twitter.com/Balduzzi/status/1124279516447346688	#Idea to stop #CollegeAdmissionsScandal Each college has an auction for one automatic student admission. Starting bid $6M. Then use those funds to offset the tuition of truly admitted hard working students of the same class. Might help reduce #collegedebt	@Balduzzi	Anne Balduzzi	United States of America	Maryland	Baltimore	Neutral	Unclassified	Twitter	F					#Idea to stop #CollegeAdmissionsScandal Each college has an auction for one automatic student admission. Starting bid $6M. Then use those funds to offset the tuition of truly admitted hard working students of the same class. Might help reduce #collegedebt	Tweet		
1124375053787779073		http://twitter.com/SystemicSarcasm/status/1124375053787779073	The Chinese mom who paid $6.5 million to send her daughter to Stanford thought she was actually donating it to the school #CollegeAdmissionsScandal https://t.co/C4LHcvNVML @tictoc	@SystemicSarcasm	Systemic Sarcasm	Singapore			Neutral	Surprise	Twitter						The Chinese mom who paid $6.5 million to send her daughter to Stanford thought she was actually donating it to the school #CollegeAdmissionsScandal https://t.co/C4LHcvNVML @tictoc	Tweet		
1124173682719449088		http://twitter.com/oscar_wfs/status/1124173682719449088	Interesting to see Buchang Pharma's board secretariat responded 'the chairman doesn't have strong association with the listed entity.' It is not just poor crisis management but also lack of corporate governance from very beginning. #CollegeAdmissionsScandal https://t.co/16TsOU6qeK	@oscar_wfs	Oscar Wang	China	Shanghai	Shanghai	Neutral	Sadness	Twitter	M					Interesting to see Buchang Pharma's board secretariat responded 'the chairman doesn't have strong association with the listed entity.' It is not just poor crisis management but also lack of corporate governance from very beginning. #CollegeAdmissionsScandal https://t.co/16TsOU6qeK	Tweet		
1124280040320045056		http://twitter.com/Bella29021522/status/1124280040320045056	RT @Josh73304345 First 5 people to RT,like,Dm & follow will be getting 500$ only from USA,UK,Canada. #HORNY_berat #cumtribute #spankingpaddling #CollegeAdmissionsScandal #CollegeStation #collegedecisionday #TeenMom2 #jailbait #CollegeSigningDay2019 #CollegeSigningDay #blockchain #Blacktwitter https://t.co/5kJzVOv0h9	@Bella29021522	Bella	Norway			Neutral	Neutral	Twitter	F					"RT @Josh73304345 First 5 people to RT,like,Dm & follow will be getting 500$ only from USA,UK,Canada.
 #HORNY_berat #cumtribute  #spankingpaddling #CollegeAdmissionsScandal #CollegeStation #collegedecisionday #TeenMom2 #jailbait #CollegeSigningDay2019 #CollegeSigningDay #blockchain #Blacktwitter https://t.co/5kJzVOv0h9"	Retweet		
1124338292370083841		http://twitter.com/InquisitiveKim/status/1124338292370083841	Lori Loughlin Reportedly Seeking Crisis Management Help https://t.co/G2ib1IqUCR #CollegeAdmissionsScandal #lorilaughlin	@InquisitiveKim	Inquisitive Kim				Neutral	Neutral	Twitter	F					"Lori Loughlin Reportedly Seeking Crisis Management Help
https://t.co/G2ib1IqUCR #CollegeAdmissionsScandal #lorilaughlin"	Tweet		
1124104554658684928		http://twitter.com/HumanRtsV/status/1124104554658684928	RT @HumanRtsV #CollegeAdmissionsScandal #JusticeDepartment #CollegeAdmissions scandal mystery solved? Chinese family allegedly paid $6.5 million.. https://t.co/89cy4sgXjk @Stanford @MorganStanley @FBILosAngeles @LAPDHQ @FBI #MASA #HRV	@HumanRtsV	Human Rights-#HRV #MASA-Make America Safe Again	United States of America	California	Sacramento	Neutral	Joy	Twitter						"RT @HumanRtsV #CollegeAdmissionsScandal

#JusticeDepartment
#CollegeAdmissions scandal mystery solved? Chinese family allegedly paid $6.5 million..

https://t.co/89cy4sgXjk

@Stanford @MorganStanley
@FBILosAngeles @LAPDHQ
@FBI

#MASA #HRV"	Retweet		
1124266735824252930		http://twitter.com/CSteveSimms/status/1124266735824252930	When church conforms to the college classroom lecture culture instead of following the Spirit's promptings, it lacks power #colleges #university #CollegeAdmissionsScandal #university #universities #classroom #lecture #talks #TedTalk #lectureseries #culture #cultural #conformation	@CSteveSimms	Steve Simms	United States of America	Tennessee		Neutral	Joy	Twitter	M					When church conforms to the college classroom lecture culture instead of following the Spirit's promptings, it lacks power #colleges #university #CollegeAdmissionsScandal #university #universities #classroom #lecture #talks #TedTalk #lectureseries #culture #cultural #conformation	Tweet		
1124391974063280129		http://twitter.com/FindLawConsumer/status/1124391974063280129	Review of College Admissions Fraud Crimes: https://t.co/gQ9sUjQIVX | #collegeadmissionsscandal https://t.co/gFBDBrXtfS	@FindLawConsumer	FindLaw Consumers	United States of America	California	San Jose	Neutral	Neutral	Twitter						Review of College Admissions Fraud Crimes: https://t.co/gQ9sUjQIVX | #collegeadmissionsscandal https://t.co/gFBDBrXtfS	Tweet		
1124415093788237825		http://twitter.com/carlitos91fm/status/1124415093788237825	RT @abc7newsbayarea A mother accused in the #collegeadmissionsscandal says after her daughter was accepted to #Stanford, she paid $6.5 million that she thought was going toward helping underprivileged students: https://t.co/Ra3hy6W9H7	@carlitos91fm	Carlitos way !	United States of America	California		Neutral	Unclassified	Twitter						RT @abc7newsbayarea A mother accused in the #collegeadmissionsscandal says after her daughter was accepted to #Stanford, she paid $6.5 million that she thought was going toward helping underprivileged students:    https://t.co/Ra3hy6W9H7	Retweet		
1124103057233645568		http://twitter.com/HumanRtsV/status/1124103057233645568	RT @HumanRtsV #CollegeAdmissionsScandal #JusticeDepartment #CollegeAdmissions scandal mystery solved? Chinese family allegedly paid $6.5 million.. https://t.co/89cy4sgXjk @Stanford @MorganStanley @FBILosAngeles @LAPDHQ @FBI #MASA #HRV	@HumanRtsV	Human Rights-#HRV #MASA-Make America Safe Again	United States of America	California	Sacramento	Neutral	Joy	Twitter						"RT @HumanRtsV #CollegeAdmissionsScandal

#JusticeDepartment
#CollegeAdmissions scandal mystery solved? Chinese family allegedly paid $6.5 million..

https://t.co/89cy4sgXjk

@Stanford @MorganStanley
@FBILosAngeles @LAPDHQ
@FBI

#MASA #HRV"	Retweet		
1124144190575788033		http://twitter.com/witty_blonde/status/1124144190575788033	RT @culttture In #CollegeAdmissionsScandal, Family Paid $6.5 Million to Get Their Daughter Into Stanford https://t.co/kdKZpotWZY	@witty_blonde	Lori Lynne				Neutral	Neutral	Twitter	F					"RT @culttture In #CollegeAdmissionsScandal, Family Paid $6.5 Million to Get Their Daughter Into Stanford

https://t.co/kdKZpotWZY"	Retweet		
1124424833822089216		http://twitter.com/EZuelow/status/1124424833822089216	Stanford Students Admit It Was Pretty Obvious Billionaire‚Äôs Dog Didn‚Äôt Get In By Itself https://t.co/NtbNZLbwQ4 #highered #college #CollegeAdmissionsScandal https://t.co/5CJGF6l6tP	@EZuelow	Eric G. E. Zuelow	United States of America	Maine	Portland	Neutral	Sadness	Twitter	M					Stanford Students Admit It Was Pretty Obvious Billionaire‚Äôs Dog Didn‚Äôt Get In By Itself https://t.co/NtbNZLbwQ4 #highered #college #CollegeAdmissionsScandal https://t.co/5CJGF6l6tP	Tweet		
1124450217103904768		http://twitter.com/AliceDedonato/status/1124450217103904768	Did U see That Stalkers and worse? #CollegeAdmissionsScandal #fairfieldcounty @CIA	@AliceDedonato	Alice DeDonato				Negative	Disgust	Twitter	F					"Did U see That Stalkers and worse?
#CollegeAdmissionsScandal #fairfieldcounty
@CIA"	Tweet		
1124447915433500672		http://twitter.com/scottjrm/status/1124447915433500672	A Chinese family paid $6.5M to have their daughter admitted to Stanford. She has now been expelled from school! #collegeadmissionsscandal https://t.co/1rJDjYlPBB	@scottjrm	Myles Scott				Neutral	Disgust	Twitter	M					"A Chinese family paid $6.5M to have their daughter admitted to Stanford. She has now been expelled from school! 

#collegeadmissionsscandal https://t.co/1rJDjYlPBB"	Tweet		
1124376804599447557		http://twitter.com/heartisatwitta/status/1124376804599447557	RT @tictoc The Chinese mom who paid $6.5 million to send her daughter to Stanford thought she was actually donating it to the school #CollegeAdmissionsScandal https://t.co/AVdG3FyvNz	@heartisatwitta	Heartis Atwitta				Neutral	Surprise	Twitter						RT @tictoc The Chinese mom who paid $6.5 million to send her daughter to Stanford thought she was actually donating it to the school #CollegeAdmissionsScandal https://t.co/AVdG3FyvNz	Retweet		
1124441439109144576		http://twitter.com/JoYWeaPoNS/status/1124441439109144576	RT @tictoc The Chinese mom who paid $6.5 million to send her daughter to Stanford thought she was actually donating it to the school #CollegeAdmissionsScandal https://t.co/AVdG3FyvNz	@JoYWeaPoNS	Justin McKinney				Neutral	Surprise	Twitter	M					RT @tictoc The Chinese mom who paid $6.5 million to send her daughter to Stanford thought she was actually donating it to the school #CollegeAdmissionsScandal https://t.co/AVdG3FyvNz	Retweet		
1124280833571995649		http://twitter.com/patte151/status/1124280833571995649	I‚Äôm flabbergasted at the college admissions scandal. My daughter will get her Bachelors Of Arts Degree tomorrow! She will receive it based on hard work. She is a finaid recipient. We sacrificed. The reward is all hers! üéì #CollegeAdmissionsScandal @Morning_Joe @MSNBC #MorningJoe	@patte151	Barbara Patterson	United States of America	Michigan	Lansing	Neutral	Joy	Twitter	F					I‚Äôm flabbergasted at the college admissions scandal. My daughter will get her Bachelors Of Arts Degree tomorrow! She will receive it based on hard work. She is a finaid recipient. We sacrificed. The reward is all hers! üéì #CollegeAdmissionsScandal @Morning_Joe @MSNBC #MorningJoe	Tweet		
1124143018087452672		http://twitter.com/SafeLibraries/status/1124143018087452672	RT @culttture In #CollegeAdmissionsScandal, Family Paid $6.5 Million to Get Their Daughter Into Stanford https://t.co/kdKZpotWZY	@SafeLibraries	Dan Kleinman	United States of America			Neutral	Neutral	Twitter	M					"RT @culttture In #CollegeAdmissionsScandal, Family Paid $6.5 Million to Get Their Daughter Into Stanford

https://t.co/kdKZpotWZY"	Retweet		
