1103078504684494849	2019-03-05 23:43:04	http://twitter.com/DeeThatsMe4real/status/1103078504684494849	RT @UTAustin She‚Äôs the fourth female drum major to lead the @LonghornBand since it was founded in 1900. Meet Jessica Martinez: https://t.co/SQ4VDbxaL9 #WomensHistoryMonth	@DeeThatsMe4real	Fiddledeedee	United States of America	Texas	Austin	Neutral	Neutral	Twitter		774	16	1229	RT @UTAustin She‚Äôs the fourth female drum major to lead the @LonghornBand since it was founded in 1900. Meet Jessica Martinez: https://t.co/SQ4VDbxaL9 #WomensHistoryMonth	Retweet		
1103079086203850752	2019-03-05 23:45:23	http://twitter.com/Secureinaustin/status/1103079086203850752	RT @UTAustin She‚Äôs the fourth female drum major to lead the @LonghornBand since it was founded in 1900. Meet Jessica Martinez: https://t.co/SQ4VDbxaL9 #WomensHistoryMonth	@Secureinaustin	Cynthia Stewart	United States of America	Texas	Austin	Neutral	Neutral	Twitter	F	6731	242	567	RT @UTAustin She‚Äôs the fourth female drum major to lead the @LonghornBand since it was founded in 1900. Meet Jessica Martinez: https://t.co/SQ4VDbxaL9 #WomensHistoryMonth	Retweet		
1102996542380826624	2019-03-05 18:17:23	http://twitter.com/Rosenchild/status/1102996542380826624	RT @UTAustin This Longhorn is applying her interest in technology to improve the lives of others: https://t.co/nE3ampS0w5	@Rosenchild	VonVictor V. Rosenchild | HubBucket Inc Founder	United States of America	New York	New York	Neutral	Neutral	Twitter		464277	10555	5759	RT @UTAustin This Longhorn is applying her interest in technology to improve the lives of others: https://t.co/nE3ampS0w5	Retweet		
1102988018007400449	2019-03-05 17:43:30	http://twitter.com/DariusJones06/status/1102988018007400449	RT @UTAustin 50 years ago, students challenged UT to diversify its curricula & communities. This month, @BlackStudiesUT is celebrating the legacy Black Studies programs have created in the U.S. https://t.co/hy5bFJ8Ywm https://t.co/5Z4zwfYRcZ	@DariusJones06	Darius Jones	United States of America	Texas	Austin	Neutral	Neutral	Twitter	M	8762	674	1074	RT @UTAustin 50 years ago, students challenged UT to diversify its curricula & communities. This month, @BlackStudiesUT is celebrating the legacy Black Studies programs have created in the U.S. https://t.co/hy5bFJ8Ywm https://t.co/5Z4zwfYRcZ	Retweet		
1103081187822784518	2019-03-05 23:53:44	http://twitter.com/fullhousetx/status/1103081187822784518	RT @UTAustin She‚Äôs the fourth female drum major to lead the @LonghornBand since it was founded in 1900. Meet Jessica Martinez: https://t.co/SQ4VDbxaL9 #WomensHistoryMonth	@fullhousetx	Cynthia L Simpson	United States of America	Texas	Austin	Neutral	Neutral	Twitter	F	7425	669	1514	RT @UTAustin She‚Äôs the fourth female drum major to lead the @LonghornBand since it was founded in 1900. Meet Jessica Martinez: https://t.co/SQ4VDbxaL9 #WomensHistoryMonth	Retweet		
1102964740626804736	2019-03-05 16:11:00	http://twitter.com/WhitnyHouCousin/status/1102964740626804736	RT @UTAustin Traveling to Austin for #SXSW? Remember to wear burnt orange on Friday ü§ò#LonghornFriday @CockrellSchool, @UTexasMcCombs, @UT_KelleherCntr https://t.co/brUu40WIfo	@WhitnyHouCousin	David Valdez				Neutral	Neutral	Twitter	M	472	57	410	RT @UTAustin Traveling to Austin for #SXSW? Remember to wear burnt orange on Friday ü§ò#LonghornFriday @CockrellSchool, @UTexasMcCombs, @UT_KelleherCntr https://t.co/brUu40WIfo	Retweet		
1102988309800849408	2019-03-05 17:44:40	http://twitter.com/TheKimRay/status/1102988309800849408	RT @UTAustin Traveling to Austin for #SXSW? Remember to wear burnt orange on Friday ü§ò#LonghornFriday @CockrellSchool, @UTexasMcCombs, @UT_KelleherCntr https://t.co/brUu40WIfo	@TheKimRay	Kimberly Ray	United States of America	Texas	Austin	Neutral	Neutral	Twitter	F	45	35	89	RT @UTAustin Traveling to Austin for #SXSW? Remember to wear burnt orange on Friday ü§ò#LonghornFriday @CockrellSchool, @UTexasMcCombs, @UT_KelleherCntr https://t.co/brUu40WIfo	Retweet		
1103000417804390400	2019-03-05 18:32:47	http://twitter.com/TexasExes/status/1103000417804390400	RT @UTAustin When he‚Äôs not in class, Marwan is flying drones over farms in Texas. See how he‚Äôs changing your world: https://t.co/j90NbAKI6E #WhatStartsHere https://t.co/toU7GI5OQY	@TexasExes	Texas Exes	United States of America	Texas	Austin	Neutral	Neutral	Twitter		15935	37698	2368	RT @UTAustin When he‚Äôs not in class, Marwan is flying drones over farms in Texas. See how he‚Äôs changing your world: https://t.co/j90NbAKI6E #WhatStartsHere https://t.co/toU7GI5OQY	Retweet		
1102973142799183872	2019-03-05 16:44:24	http://twitter.com/DSuvoy/status/1102973142799183872	RT @UTAustin Traveling to Austin for #SXSW? Remember to wear burnt orange on Friday ü§ò#LonghornFriday @CockrellSchool, @UTexasMcCombs, @UT_KelleherCntr https://t.co/brUu40WIfo	@DSuvoy	Young Dave Savage ü§ë	United States of America			Neutral	Neutral	Twitter		56769	676	579	RT @UTAustin Traveling to Austin for #SXSW? Remember to wear burnt orange on Friday ü§ò#LonghornFriday @CockrellSchool, @UTexasMcCombs, @UT_KelleherCntr https://t.co/brUu40WIfo	Retweet		
1102996512093671424	2019-03-05 18:17:15	http://twitter.com/Rosenchild/status/1102996512093671424	RT @UTAustin This Longhorn staffer is helping to pave the way for under-represented students interested in advanced computing: https://t.co/djA5XHYypb #WhatStartsHereüåé https://t.co/pWBSnhc8PI	@Rosenchild	VonVictor V. Rosenchild | HubBucket Inc Founder	United States of America	New York	New York	Neutral	Neutral	Twitter		464275	10555	5759	RT @UTAustin This Longhorn staffer is helping to pave the way for under-represented students interested in advanced computing: https://t.co/djA5XHYypb #WhatStartsHereüåé https://t.co/pWBSnhc8PI	Retweet		
1102726737065070593	2019-03-05 00:25:16	http://twitter.com/UTexJim/status/1102726737065070593	RT @UTAustin A grand challenge is a moonshot goal that brings experts together from every discipline to solve some of society‚Äôs biggest problems quickly. But how do you get it going? https://t.co/l5q5FLcuSr Monday, March 4 | 5-6 p.m. | Austin Convention Center Room 17A | @sxswedu #SXSWEDU https://t.co/MaAZgCnS34	@UTexJim	JimCook‚Ñ¢ü§ò	United States of America	Texas	Austin	Neutral	Neutral	Twitter		140866	760	111	"RT @UTAustin A grand challenge is a moonshot goal that brings experts together from every discipline to solve some of society‚Äôs biggest problems quickly. But how do you get it going? https://t.co/l5q5FLcuSr 

Monday, March 4 | 5-6 p.m. | Austin Convention Center Room 17A | @sxswedu #SXSWEDU https://t.co/MaAZgCnS34"	Retweet		
1103071478432575488	2019-03-05 23:15:09	http://twitter.com/DesereCrossUT/status/1103071478432575488	RT @UTAustin She‚Äôs the fourth female drum major to lead the @LonghornBand since it was founded in 1900. Meet Jessica Martinez: https://t.co/SQ4VDbxaL9 #WomensHistoryMonth	@DesereCrossUT	Deser√© Cross Ward	United States of America	Texas	Austin	Neutral	Neutral	Twitter		1501	519	735	RT @UTAustin She‚Äôs the fourth female drum major to lead the @LonghornBand since it was founded in 1900. Meet Jessica Martinez: https://t.co/SQ4VDbxaL9 #WomensHistoryMonth	Retweet		
1103059541795721216	2019-03-05 22:27:43	http://twitter.com/troy_prograd19/status/1103059541795721216	RT @UTAustin When he‚Äôs not in class, Marwan is flying drones over farms in Texas. See how he‚Äôs changing your world: https://t.co/j90NbAKI6E #WhatStartsHere https://t.co/toU7GI5OQY	@troy_prograd19	Troy Class of 2019 Project Graduation	United States of America	Texas	Temple	Neutral	Neutral	Twitter	M	289	46	176	RT @UTAustin When he‚Äôs not in class, Marwan is flying drones over farms in Texas. See how he‚Äôs changing your world: https://t.co/j90NbAKI6E #WhatStartsHere https://t.co/toU7GI5OQY	Retweet		
1102972963501035520	2019-03-05 16:43:41	http://twitter.com/TexasExes/status/1102972963501035520	RT @UTAustin Traveling to Austin for #SXSW? Remember to wear burnt orange on Friday ü§ò#LonghornFriday @CockrellSchool, @UTexasMcCombs, @UT_KelleherCntr https://t.co/brUu40WIfo	@TexasExes	Texas Exes	United States of America	Texas	Austin	Neutral	Neutral	Twitter		15933	37698	2368	RT @UTAustin Traveling to Austin for #SXSW? Remember to wear burnt orange on Friday ü§ò#LonghornFriday @CockrellSchool, @UTexasMcCombs, @UT_KelleherCntr https://t.co/brUu40WIfo	Retweet		
1102946642226003968	2019-03-05 14:59:05	http://twitter.com/Maurie_McInnis/status/1102946642226003968	RT @UTAustin .@UTAustin is a national leader in using predictive analytics to increase graduation rates and help students succeed. Join @carolynconnerat at #SXSWEDU as she discusses how it works: https://t.co/pHNAtSEcQY Tuesday, March 5 | 11 a.m. ‚Äì noon | Hilton Salon H | @sxswedu	@Maurie_McInnis	Maurie McInnis	United States of America	Texas	Austin	Neutral	Neutral	Twitter		455	1041	169	"RT @UTAustin .@UTAustin is a national leader in using predictive analytics to increase graduation rates and help students succeed. Join @carolynconnerat at #SXSWEDU as she discusses how it works: https://t.co/pHNAtSEcQY 

Tuesday, March 5 | 11 a.m. ‚Äì noon | Hilton Salon H | @sxswedu"	Retweet		
1102964571910914048	2019-03-05 16:10:20	http://twitter.com/adi7anand/status/1102964571910914048	RT @UTAustin Traveling to Austin for #SXSW? Remember to wear burnt orange on Friday ü§ò#LonghornFriday @CockrellSchool, @UTexasMcCombs, @UT_KelleherCntr https://t.co/brUu40WIfo	@adi7anand	adi	United States of America	Texas	Austin	Neutral	Neutral	Twitter	M	221596	3475	5001	RT @UTAustin Traveling to Austin for #SXSW? Remember to wear burnt orange on Friday ü§ò#LonghornFriday @CockrellSchool, @UTexasMcCombs, @UT_KelleherCntr https://t.co/brUu40WIfo	Retweet		
1103000747845787648	2019-03-05 18:34:05	http://twitter.com/MDebbek/status/1103000747845787648	RT @UTAustin When he‚Äôs not in class, Marwan is flying drones over farms in Texas. See how he‚Äôs changing your world: https://t.co/j90NbAKI6E #WhatStartsHere https://t.co/toU7GI5OQY	@MDebbek	Mohamed Debbek	Libya	Misratah	Misratah	Neutral	Neutral	Twitter	M	14732	462	277	RT @UTAustin When he‚Äôs not in class, Marwan is flying drones over farms in Texas. See how he‚Äôs changing your world: https://t.co/j90NbAKI6E #WhatStartsHere https://t.co/toU7GI5OQY	Retweet		
1103001027169656832	2019-03-05 18:35:12	http://twitter.com/trantmyle/status/1103001027169656832	RT @UTAustin When he‚Äôs not in class, Marwan is flying drones over farms in Texas. See how he‚Äôs changing your world: https://t.co/j90NbAKI6E #WhatStartsHere https://t.co/toU7GI5OQY	@trantmyle	tran	United States of America	Texas		Neutral	Neutral	Twitter		417	163	144	RT @UTAustin When he‚Äôs not in class, Marwan is flying drones over farms in Texas. See how he‚Äôs changing your world: https://t.co/j90NbAKI6E #WhatStartsHere https://t.co/toU7GI5OQY	Retweet		
1102996627151818752	2019-03-05 18:17:43	http://twitter.com/Rosenchild/status/1102996627151818752	RT @UTAustin This Longhorn is reshaping the city that shaped her: https://t.co/tfc4KoF6sR https://t.co/CR4IQDVyxH	@Rosenchild	VonVictor V. Rosenchild | HubBucket Inc Founder	United States of America	New York	New York	Neutral	Neutral	Twitter		464280	10555	5759	RT @UTAustin This Longhorn is reshaping the city that shaped her: https://t.co/tfc4KoF6sR https://t.co/CR4IQDVyxH	Retweet		
1102996675772207104	2019-03-05 18:17:54	http://twitter.com/Rosenchild/status/1102996675772207104	RT @UTAustin After working as a medical assistant in a pain clinic & seeing the routine frustrations of patients and providers, Dainon Miles set out to discover other ways to help patients achieve their health goals: https://t.co/SV3yrpNM0Y https://t.co/BgS0aKrniI	@Rosenchild	VonVictor V. Rosenchild | HubBucket Inc Founder	United States of America	New York	New York	Neutral	Joy	Twitter		464283	10555	5759	RT @UTAustin After working as a medical assistant in a pain clinic & seeing the routine frustrations of patients and providers, Dainon Miles set out to discover other ways to help patients achieve their health goals: https://t.co/SV3yrpNM0Y https://t.co/BgS0aKrniI	Retweet		
1102730859730403329	2019-03-05 00:41:39	http://twitter.com/UTexJim/status/1102730859730403329	RT @UTAustin Each spring, @SXSW brings thinkers and doers from around the world to Austin. Explore our #SXSW sessions and learn why we say, ‚ÄúWhat starts here changes the world‚Äù https://t.co/l03lnrNFNa https://t.co/b7bRH8vA02	@UTexJim	JimCook‚Ñ¢ü§ò	United States of America	Texas	Austin	Neutral	Joy	Twitter		140893	760	111	RT @UTAustin Each spring, @SXSW brings thinkers and doers from around the world to Austin. Explore our #SXSW sessions and learn why we say, ‚ÄúWhat starts here changes the world‚Äù https://t.co/l03lnrNFNa https://t.co/b7bRH8vA02	Retweet		
1102951128319344642	2019-03-05 15:16:55	http://twitter.com/TexasBFSA/status/1102951128319344642	RT @UTAustin 50 years ago, students challenged UT to diversify its curricula & communities. This month, @BlackStudiesUT is celebrating the legacy Black Studies programs have created in the U.S. https://t.co/hy5bFJ8Ywm https://t.co/5Z4zwfYRcZ	@TexasBFSA	Texas BFSA	United States of America	Texas	Austin	Neutral	Neutral	Twitter		220	122	159	RT @UTAustin 50 years ago, students challenged UT to diversify its curricula & communities. This month, @BlackStudiesUT is celebrating the legacy Black Studies programs have created in the U.S. https://t.co/hy5bFJ8Ywm https://t.co/5Z4zwfYRcZ	Retweet		
1102956174767472642	2019-03-05 15:36:58	http://twitter.com/lilvanpeebles/status/1102956174767472642	RT @UTAustin 50 years ago, students challenged UT to diversify its curricula & communities. This month, @BlackStudiesUT is celebrating the legacy Black Studies programs have created in the U.S. https://t.co/hy5bFJ8Ywm https://t.co/5Z4zwfYRcZ	@lilvanpeebles	V. Gore¬¥e	United States of America	California		Neutral	Neutral	Twitter		69864	1191	579	RT @UTAustin 50 years ago, students challenged UT to diversify its curricula & communities. This month, @BlackStudiesUT is celebrating the legacy Black Studies programs have created in the U.S. https://t.co/hy5bFJ8Ywm https://t.co/5Z4zwfYRcZ	Retweet		
1102996641030782976	2019-03-05 18:17:46	http://twitter.com/Rosenchild/status/1102996641030782976	RT @UTAustin Meet the Longhorn changing kids‚Äô lives in South Dallas: https://t.co/zpQWWE6rkS https://t.co/WJNSJqkFW7	@Rosenchild	VonVictor V. Rosenchild | HubBucket Inc Founder	United States of America	New York	New York	Neutral	Neutral	Twitter		464281	10555	5759	RT @UTAustin Meet the Longhorn changing kids‚Äô lives in South Dallas: https://t.co/zpQWWE6rkS https://t.co/WJNSJqkFW7	Retweet		
1103019215395655684	2019-03-05 19:47:28	http://twitter.com/DavidWenger/status/1103019215395655684	RT @UTAustin Traveling to Austin for #SXSW? Remember to wear burnt orange on Friday ü§ò#LonghornFriday @CockrellSchool, @UTexasMcCombs, @UT_KelleherCntr https://t.co/brUu40WIfo	@DavidWenger	David Wenger	United States of America	Texas	Austin	Neutral	Neutral	Twitter	M	14050	12018	8725	RT @UTAustin Traveling to Austin for #SXSW? Remember to wear burnt orange on Friday ü§ò#LonghornFriday @CockrellSchool, @UTexasMcCombs, @UT_KelleherCntr https://t.co/brUu40WIfo	Retweet		
1102996607447064577	2019-03-05 18:17:38	http://twitter.com/Rosenchild/status/1102996607447064577	RT @UTAustin He came to UT to pursue a master‚Äôs degree in zoology, with an emphasis on genetics. In 1952, he became UT‚Äôs first black graduate: https://t.co/4slcnTg6xG #UTBlackHistory	@Rosenchild	VonVictor V. Rosenchild | HubBucket Inc Founder	United States of America	New York	New York	Neutral	Neutral	Twitter		464279	10555	5759	RT @UTAustin He came to UT to pursue a master‚Äôs degree in zoology, with an emphasis on genetics. In 1952, he became UT‚Äôs first black graduate: https://t.co/4slcnTg6xG #UTBlackHistory	Retweet		
1102726759517245440	2019-03-05 00:25:21	http://twitter.com/UTexJim/status/1102726759517245440	RT @UTAustin .@UTAustin is a national leader in using predictive analytics to increase graduation rates and help students succeed. Join @carolynconnerat at #SXSWEDU as she discusses how it works: https://t.co/pHNAtSEcQY Tuesday, March 5 | 11 a.m. ‚Äì noon | Hilton Salon H | @sxswedu	@UTexJim	JimCook‚Ñ¢ü§ò	United States of America	Texas	Austin	Neutral	Neutral	Twitter		140867	760	111	"RT @UTAustin .@UTAustin is a national leader in using predictive analytics to increase graduation rates and help students succeed. Join @carolynconnerat at #SXSWEDU as she discusses how it works: https://t.co/pHNAtSEcQY 

Tuesday, March 5 | 11 a.m. ‚Äì noon | Hilton Salon H | @sxswedu"	Retweet		
1103067690166640640	2019-03-05 23:00:05	http://twitter.com/CaptPainter/status/1103067690166640640	RT @UTAustin She‚Äôs the fourth female drum major to lead the @LonghornBand since it was founded in 1900. Meet Jessica Martinez: https://t.co/SQ4VDbxaL9 #WomensHistoryMonth	@CaptPainter	Paen Tor Dood	United States of America	Texas	Austin	Neutral	Neutral	Twitter		14153	234	518	RT @UTAustin She‚Äôs the fourth female drum major to lead the @LonghornBand since it was founded in 1900. Meet Jessica Martinez: https://t.co/SQ4VDbxaL9 #WomensHistoryMonth	Retweet		
1103068682844925952	2019-03-05 23:04:02	http://twitter.com/UTCSR/status/1103068682844925952	RT @UTAustin Traveling to Austin for #SXSW? Remember to wear burnt orange on Friday ü§ò#LonghornFriday @CockrellSchool, @UTexasMcCombs, @UT_KelleherCntr https://t.co/brUu40WIfo	@UTCSR	UTCSR	United States of America	Texas	Austin	Neutral	Neutral	Twitter		2011	231	141	RT @UTAustin Traveling to Austin for #SXSW? Remember to wear burnt orange on Friday ü§ò#LonghornFriday @CockrellSchool, @UTexasMcCombs, @UT_KelleherCntr https://t.co/brUu40WIfo	Retweet		
1102910074673131521	2019-03-05 12:33:47	http://twitter.com/KeepTexasGreen/status/1102910074673131521	RT @UTAustin Michael Shaw made #UTBlackHistory when he became the university‚Äôs 1st employee to be featured on the cover of UT‚Äôs new staff and faculty magazine, @TexasConnect2. His story: https://t.co/fSp5oCXmCc	@KeepTexasGreen	Texas Sustainability	United States of America	Texas	Austin	Neutral	Joy	Twitter		4499	2503	724	RT @UTAustin Michael Shaw made #UTBlackHistory when he became the university‚Äôs 1st employee to be featured on the cover of UT‚Äôs new staff and faculty magazine, @TexasConnect2. His story: https://t.co/fSp5oCXmCc	Retweet		
1103069842318548992	2019-03-05 23:08:39	http://twitter.com/nicolestuessy/status/1103069842318548992	RT @UTAustin She‚Äôs the fourth female drum major to lead the @LonghornBand since it was founded in 1900. Meet Jessica Martinez: https://t.co/SQ4VDbxaL9 #WomensHistoryMonth	@nicolestuessy	Nicole Stuessy	United States of America	Texas	Dallas	Neutral	Neutral	Twitter	F	1355	507	399	RT @UTAustin She‚Äôs the fourth female drum major to lead the @LonghornBand since it was founded in 1900. Meet Jessica Martinez: https://t.co/SQ4VDbxaL9 #WomensHistoryMonth	Retweet		
1102988854389284865	2019-03-05 17:46:50	http://twitter.com/UTexJim/status/1102988854389284865	RT @UTAustin Traveling to Austin for #SXSW? Remember to wear burnt orange on Friday ü§ò#LonghornFriday @CockrellSchool, @UTexasMcCombs, @UT_KelleherCntr https://t.co/brUu40WIfo	@UTexJim	JimCook‚Ñ¢ü§ò	United States of America	Texas	Austin	Neutral	Neutral	Twitter		140929	761	110	RT @UTAustin Traveling to Austin for #SXSW? Remember to wear burnt orange on Friday ü§ò#LonghornFriday @CockrellSchool, @UTexasMcCombs, @UT_KelleherCntr https://t.co/brUu40WIfo	Retweet		
1102726696862666752	2019-03-05 00:25:06	http://twitter.com/UTexJim/status/1102726696862666752	RT @UTAustin Are you at #SXSWEDU? ü§î Add these to your schedule:	@UTexJim	JimCook‚Ñ¢ü§ò	United States of America	Texas	Austin	Neutral	Neutral	Twitter		140865	760	111	"RT @UTAustin Are you at #SXSWEDU? ü§î

Add these to your schedule:"	Retweet		
1103065736619024385	2019-03-05 22:52:20	http://twitter.com/trillpaki/status/1103065736619024385	RT @UTAustin Traveling to Austin for #SXSW? Remember to wear burnt orange on Friday ü§ò#LonghornFriday @CockrellSchool, @UTexasMcCombs, @UT_KelleherCntr https://t.co/brUu40WIfo	@trillpaki	ÿ≠ÿßÿ±ÿ´	United States of America	Texas	Austin	Neutral	Neutral	Twitter		12053	636	364	RT @UTAustin Traveling to Austin for #SXSW? Remember to wear burnt orange on Friday ü§ò#LonghornFriday @CockrellSchool, @UTexasMcCombs, @UT_KelleherCntr https://t.co/brUu40WIfo	Retweet		
1103073531695382528	2019-03-05 23:23:18	http://twitter.com/BrianDonohoe15/status/1103073531695382528	RT @UTAustin She‚Äôs the fourth female drum major to lead the @LonghornBand since it was founded in 1900. Meet Jessica Martinez: https://t.co/SQ4VDbxaL9 #WomensHistoryMonth	@BrianDonohoe15	B.D. Ireland‚Äôs #1 ü§òüèæ				Neutral	Neutral	Twitter		670	18	108	RT @UTAustin She‚Äôs the fourth female drum major to lead the @LonghornBand since it was founded in 1900. Meet Jessica Martinez: https://t.co/SQ4VDbxaL9 #WomensHistoryMonth	Retweet		
1102721832912912384	2019-03-05 00:05:47	http://twitter.com/HIq99/status/1102721832912912384	RT @UTAustin Each spring, @SXSW brings thinkers and doers from around the world to Austin. Explore our #SXSW sessions and learn why we say, ‚ÄúWhat starts here changes the world‚Äù https://t.co/l03lnrNFNa https://t.co/b7bRH8vA02	@HIq99	Hassan | ÿ≠ÿ≥ŸÜ				Neutral	Joy	Twitter	M	11352	265	251	RT @UTAustin Each spring, @SXSW brings thinkers and doers from around the world to Austin. Explore our #SXSW sessions and learn why we say, ‚ÄúWhat starts here changes the world‚Äù https://t.co/l03lnrNFNa https://t.co/b7bRH8vA02	Retweet		
1102921874982481921	2019-03-05 13:20:40	http://twitter.com/carolynconnerat/status/1102921874982481921	RT @UTAustin .@UTAustin is a national leader in using predictive analytics to increase graduation rates and help students succeed. Join @carolynconnerat at #SXSWEDU as she discusses how it works: https://t.co/pHNAtSEcQY Tuesday, March 5 | 11 a.m. ‚Äì noon | Hilton Salon H | @sxswedu	@carolynconnerat	Carolyn Connerat				Neutral	Neutral	Twitter	F	67	77	82	"RT @UTAustin .@UTAustin is a national leader in using predictive analytics to increase graduation rates and help students succeed. Join @carolynconnerat at #SXSWEDU as she discusses how it works: https://t.co/pHNAtSEcQY 

Tuesday, March 5 | 11 a.m. ‚Äì noon | Hilton Salon H | @sxswedu"	Retweet		
1103074829333336065	2019-03-05 23:28:28	http://twitter.com/jth0ma2/status/1103074829333336065	RT @UTAustin She‚Äôs the fourth female drum major to lead the @LonghornBand since it was founded in 1900. Meet Jessica Martinez: https://t.co/SQ4VDbxaL9 #WomensHistoryMonth	@jth0ma2	j a d a				Neutral	Neutral	Twitter	F	20391	240	198	RT @UTAustin She‚Äôs the fourth female drum major to lead the @LonghornBand since it was founded in 1900. Meet Jessica Martinez: https://t.co/SQ4VDbxaL9 #WomensHistoryMonth	Retweet		
1102979086266318848	2019-03-05 17:08:01	http://twitter.com/biogirl09/status/1102979086266318848	RT @UTAustin Traveling to Austin for #SXSW? Remember to wear burnt orange on Friday ü§ò#LonghornFriday @CockrellSchool, @UTexasMcCombs, @UT_KelleherCntr https://t.co/brUu40WIfo	@biogirl09	Mallory Tompsett	United States of America	Texas	San Antonio	Neutral	Neutral	Twitter	F	116884	1307	3919	RT @UTAustin Traveling to Austin for #SXSW? Remember to wear burnt orange on Friday ü§ò#LonghornFriday @CockrellSchool, @UTexasMcCombs, @UT_KelleherCntr https://t.co/brUu40WIfo	Retweet		
1102972019233210368	2019-03-05 16:39:56	http://twitter.com/CockrellSchool/status/1102972019233210368	RT @UTAustin Traveling to Austin for #SXSW? Remember to wear burnt orange on Friday ü§ò#LonghornFriday @CockrellSchool, @UTexasMcCombs, @UT_KelleherCntr https://t.co/brUu40WIfo	@CockrellSchool	Texas Engineering	United States of America	Texas	Austin	Neutral	Neutral	Twitter		3897	12464	820	RT @UTAustin Traveling to Austin for #SXSW? Remember to wear burnt orange on Friday ü§ò#LonghornFriday @CockrellSchool, @UTexasMcCombs, @UT_KelleherCntr https://t.co/brUu40WIfo	Retweet		
1102951099856695296	2019-03-05 15:16:48	http://twitter.com/JezebelKat/status/1102951099856695296	RT @UTAustin 50 years ago, students challenged UT to diversify its curricula & communities. This month, @BlackStudiesUT is celebrating the legacy Black Studies programs have created in the U.S. https://t.co/hy5bFJ8Ywm https://t.co/5Z4zwfYRcZ	@JezebelKat	"Kat ‚ÄùWords Words Words"" Callahan"	Japan			Neutral	Neutral	Twitter	F	19358	2189	759	RT @UTAustin 50 years ago, students challenged UT to diversify its curricula & communities. This month, @BlackStudiesUT is celebrating the legacy Black Studies programs have created in the U.S. https://t.co/hy5bFJ8Ywm https://t.co/5Z4zwfYRcZ	Retweet		
1102951116583522304	2019-03-05 15:16:52	http://twitter.com/DesereCrossUT/status/1102951116583522304	RT @UTAustin 50 years ago, students challenged UT to diversify its curricula & communities. This month, @BlackStudiesUT is celebrating the legacy Black Studies programs have created in the U.S. https://t.co/hy5bFJ8Ywm https://t.co/5Z4zwfYRcZ	@DesereCrossUT	Deser√© Cross Ward	United States of America	Texas	Austin	Neutral	Neutral	Twitter		1499	519	735	RT @UTAustin 50 years ago, students challenged UT to diversify its curricula & communities. This month, @BlackStudiesUT is celebrating the legacy Black Studies programs have created in the U.S. https://t.co/hy5bFJ8Ywm https://t.co/5Z4zwfYRcZ	Retweet		
1102964891114180608	2019-03-05 16:11:36	http://twitter.com/LiberalArtsUT/status/1102964891114180608	RT @UTAustin 50 years ago, students challenged UT to diversify its curricula & communities. This month, @BlackStudiesUT is celebrating the legacy Black Studies programs have created in the U.S. https://t.co/hy5bFJ8Ywm https://t.co/5Z4zwfYRcZ	@LiberalArtsUT	UT Liberal Arts	United States of America	Texas	Austin	Neutral	Neutral	Twitter		4323	7278	4740	RT @UTAustin 50 years ago, students challenged UT to diversify its curricula & communities. This month, @BlackStudiesUT is celebrating the legacy Black Studies programs have created in the U.S. https://t.co/hy5bFJ8Ywm https://t.co/5Z4zwfYRcZ	Retweet		
1102883241130893312	2019-03-05 10:47:09	http://twitter.com/amills4/status/1102883241130893312	RT @UTAustin Each spring, @SXSW brings thinkers and doers from around the world to Austin. Explore our #SXSW sessions and learn why we say, ‚ÄúWhat starts here changes the world‚Äù https://t.co/l03lnrNFNa https://t.co/b7bRH8vA02	@amills4	Arthur Mills IV	United States of America	Georgia	Atlanta	Neutral	Joy	Twitter	M	8976	1565	1932	RT @UTAustin Each spring, @SXSW brings thinkers and doers from around the world to Austin. Explore our #SXSW sessions and learn why we say, ‚ÄúWhat starts here changes the world‚Äù https://t.co/l03lnrNFNa https://t.co/b7bRH8vA02	Retweet		
1103076304025542656	2019-03-05 23:34:19	http://twitter.com/StopDropOut/status/1103076304025542656	RT @UTAustin A @UTSocialWork doctoral student is using the power of hip hop to transform lives, similar to how it transformed his: https://t.co/Sfq4UenZie https://t.co/gdIX0eDAWD	@StopDropOut	CSHE	United States of America	District of Columbia	Washington, D.C.	Neutral	Neutral	Twitter		1586	538	694	RT @UTAustin A @UTSocialWork doctoral student is using the power of hip hop to transform lives, similar to how it transformed his: https://t.co/Sfq4UenZie https://t.co/gdIX0eDAWD	Retweet		
1102928237192273922	2019-03-05 13:45:57	http://twitter.com/SMPender/status/1102928237192273922	RT @UTAustin Each spring, @SXSW brings thinkers and doers from around the world to Austin. Explore our #SXSW sessions and learn why we say, ‚ÄúWhat starts here changes the world‚Äù https://t.co/l03lnrNFNa https://t.co/b7bRH8vA02	@SMPender	Sarah Pendergast	United States of America			Neutral	Joy	Twitter	F	8604	1507	3530	RT @UTAustin Each spring, @SXSW brings thinkers and doers from around the world to Austin. Explore our #SXSW sessions and learn why we say, ‚ÄúWhat starts here changes the world‚Äù https://t.co/l03lnrNFNa https://t.co/b7bRH8vA02	Retweet		
1102961728458051584	2019-03-05 15:59:02	http://twitter.com/UTexJim/status/1102961728458051584	RT @UTAustin 50 years ago, students challenged UT to diversify its curricula & communities. This month, @BlackStudiesUT is celebrating the legacy Black Studies programs have created in the U.S. https://t.co/hy5bFJ8Ywm https://t.co/5Z4zwfYRcZ	@UTexJim	JimCook‚Ñ¢ü§ò	United States of America	Texas	Austin	Neutral	Neutral	Twitter		140919	761	111	RT @UTAustin 50 years ago, students challenged UT to diversify its curricula & communities. This month, @BlackStudiesUT is celebrating the legacy Black Studies programs have created in the U.S. https://t.co/hy5bFJ8Ywm https://t.co/5Z4zwfYRcZ	Retweet		
1103072803304157184	2019-03-05 23:20:25	http://twitter.com/biogirl09/status/1103072803304157184	RT @UTAustin She‚Äôs the fourth female drum major to lead the @LonghornBand since it was founded in 1900. Meet Jessica Martinez: https://t.co/SQ4VDbxaL9 #WomensHistoryMonth	@biogirl09	Mallory Tompsett	United States of America	Texas	San Antonio	Neutral	Neutral	Twitter	F	117025	1305	3924	RT @UTAustin She‚Äôs the fourth female drum major to lead the @LonghornBand since it was founded in 1900. Meet Jessica Martinez: https://t.co/SQ4VDbxaL9 #WomensHistoryMonth	Retweet		
1102966021474930690	2019-03-05 16:16:06	http://twitter.com/UT_KelleherCntr/status/1102966021474930690	RT @UTAustin Traveling to Austin for #SXSW? Remember to wear burnt orange on Friday ü§ò#LonghornFriday @CockrellSchool, @UTexasMcCombs, @UT_KelleherCntr https://t.co/brUu40WIfo	@UT_KelleherCntr	Herb Kelleher Center for Entrepreneurship	United States of America	Texas	Austin	Neutral	Neutral	Twitter	M	3363	2579	1515	RT @UTAustin Traveling to Austin for #SXSW? Remember to wear burnt orange on Friday ü§ò#LonghornFriday @CockrellSchool, @UTexasMcCombs, @UT_KelleherCntr https://t.co/brUu40WIfo	Retweet		
1102970495442382848	2019-03-05 16:33:52	http://twitter.com/uttad/status/1102970495442382848	RT @UTAustin 50 years ago, students challenged UT to diversify its curricula & communities. This month, @BlackStudiesUT is celebrating the legacy Black Studies programs have created in the U.S. https://t.co/hy5bFJ8Ywm https://t.co/5Z4zwfYRcZ	@uttad	UT Theatre and Dance	United States of America	Texas	Austin	Neutral	Neutral	Twitter		8411	3119	2090	RT @UTAustin 50 years ago, students challenged UT to diversify its curricula & communities. This month, @BlackStudiesUT is celebrating the legacy Black Studies programs have created in the U.S. https://t.co/hy5bFJ8Ywm https://t.co/5Z4zwfYRcZ	Retweet		
1103016891969359872	2019-03-05 19:38:14	http://twitter.com/CockrellSchool/status/1103016891969359872	RT @UTAustin When he‚Äôs not in class, Marwan is flying drones over farms in Texas. See how he‚Äôs changing your world: https://t.co/j90NbAKI6E #WhatStartsHere https://t.co/toU7GI5OQY	@CockrellSchool	Texas Engineering	United States of America	Texas	Austin	Neutral	Neutral	Twitter		3899	12463	820	RT @UTAustin When he‚Äôs not in class, Marwan is flying drones over farms in Texas. See how he‚Äôs changing your world: https://t.co/j90NbAKI6E #WhatStartsHere https://t.co/toU7GI5OQY	Retweet		
1102983249360490497	2019-03-05 17:24:33	http://twitter.com/biogirl09/status/1102983249360490497	RT @UTAustin 50 years ago, students challenged UT to diversify its curricula & communities. This month, @BlackStudiesUT is celebrating the legacy Black Studies programs have created in the U.S. https://t.co/hy5bFJ8Ywm https://t.co/5Z4zwfYRcZ	@biogirl09	Mallory Tompsett	United States of America	Texas	San Antonio	Neutral	Neutral	Twitter	F	116900	1307	3919	RT @UTAustin 50 years ago, students challenged UT to diversify its curricula & communities. This month, @BlackStudiesUT is celebrating the legacy Black Studies programs have created in the U.S. https://t.co/hy5bFJ8Ywm https://t.co/5Z4zwfYRcZ	Retweet		
1102959634602774530	2019-03-05 15:50:43	http://twitter.com/UTMcCombsAlumni/status/1102959634602774530	RT @UTAustin Each spring, @SXSW brings thinkers and doers from around the world to Austin. Explore our #SXSW sessions and learn why we say, ‚ÄúWhat starts here changes the world‚Äù https://t.co/l03lnrNFNa https://t.co/b7bRH8vA02	@UTMcCombsAlumni	UTMcCombsAlumni	United States of America	Texas	Austin	Neutral	Joy	Twitter		4868	2902	881	RT @UTAustin Each spring, @SXSW brings thinkers and doers from around the world to Austin. Explore our #SXSW sessions and learn why we say, ‚ÄúWhat starts here changes the world‚Äù https://t.co/l03lnrNFNa https://t.co/b7bRH8vA02	Retweet		
1103066853524545537	2019-03-05 22:56:46	http://twitter.com/rmendez1/status/1103066853524545537	RT @UTAustin She‚Äôs the fourth female drum major to lead the @LonghornBand since it was founded in 1900. Meet Jessica Martinez: https://t.co/SQ4VDbxaL9 #WomensHistoryMonth	@rmendez1	Lucky Mendez	United States of America			Neutral	Neutral	Twitter		195380	1332	5002	RT @UTAustin She‚Äôs the fourth female drum major to lead the @LonghornBand since it was founded in 1900. Meet Jessica Martinez: https://t.co/SQ4VDbxaL9 #WomensHistoryMonth	Retweet		
1103082464392683520	2019-03-05 23:58:48	http://twitter.com/Twin1222/status/1103082464392683520	RT @UTAustin She‚Äôs the fourth female drum major to lead the @LonghornBand since it was founded in 1900. Meet Jessica Martinez: https://t.co/SQ4VDbxaL9 #WomensHistoryMonth	@Twin1222	Julie S. Harrington	United States of America			Neutral	Neutral	Twitter	F	25623	613	797	RT @UTAustin She‚Äôs the fourth female drum major to lead the @LonghornBand since it was founded in 1900. Meet Jessica Martinez: https://t.co/SQ4VDbxaL9 #WomensHistoryMonth	Retweet		
1103024765181272064	2019-03-05 20:09:31	http://twitter.com/KOZZAZ/status/1103024765181272064	RT @UTAustin Traveling to Austin for #SXSW? Remember to wear burnt orange on Friday ü§ò#LonghornFriday @CockrellSchool, @UTexasMcCombs, @UT_KelleherCntr https://t.co/brUu40WIfo	@KOZZAZ	DIANA SANCHEZ	United States of America	Texas	Houston	Neutral	Neutral	Twitter	F	594	17	84	RT @UTAustin Traveling to Austin for #SXSW? Remember to wear burnt orange on Friday ü§ò#LonghornFriday @CockrellSchool, @UTexasMcCombs, @UT_KelleherCntr https://t.co/brUu40WIfo	Retweet		
1102996656419733504	2019-03-05 18:17:50	http://twitter.com/Rosenchild/status/1102996656419733504	RT @UTAustin Moving Forward: @UT_DDCE VP shares how the Division of Diversity & Community Engagement is boosting economic mobilization in underserved communities in Austin and at UT https://t.co/2QriYVCeo8 https://t.co/DA73xd9rRG	@Rosenchild	VonVictor V. Rosenchild | HubBucket Inc Founder	United States of America	New York	New York	Neutral	Neutral	Twitter		464282	10555	5759	RT @UTAustin Moving Forward: @UT_DDCE VP shares how the Division of Diversity & Community Engagement is boosting economic mobilization in underserved communities in Austin and at UT https://t.co/2QriYVCeo8 https://t.co/DA73xd9rRG	Retweet		
1102978806665695235	2019-03-05 17:06:54	http://twitter.com/BigHec01/status/1102978806665695235	RT @UTAustin Traveling to Austin for #SXSW? Remember to wear burnt orange on Friday ü§ò#LonghornFriday @CockrellSchool, @UTexasMcCombs, @UT_KelleherCntr https://t.co/brUu40WIfo	@BigHec01	ThisIsTexasüìçü§òüèΩüêÇüåä	United States of America	Texas	Austin	Neutral	Neutral	Twitter		106182	2012	2003	RT @UTAustin Traveling to Austin for #SXSW? Remember to wear burnt orange on Friday ü§ò#LonghornFriday @CockrellSchool, @UTexasMcCombs, @UT_KelleherCntr https://t.co/brUu40WIfo	Retweet		
1102968308305936384	2019-03-05 16:25:11	http://twitter.com/AaronMiri/status/1102968308305936384	RT @UTAustin Traveling to Austin for #SXSW? Remember to wear burnt orange on Friday ü§ò#LonghornFriday @CockrellSchool, @UTexasMcCombs, @UT_KelleherCntr https://t.co/brUu40WIfo	@AaronMiri	Aaron Miri	United States of America	Texas	Austin	Neutral	Neutral	Twitter	M	8463	1132	1790	RT @UTAustin Traveling to Austin for #SXSW? Remember to wear burnt orange on Friday ü§ò#LonghornFriday @CockrellSchool, @UTexasMcCombs, @UT_KelleherCntr https://t.co/brUu40WIfo	Retweet		
1102996530653511680	2019-03-05 18:17:20	http://twitter.com/Rosenchild/status/1102996530653511680	RT @UTAustin They say the best things in life come in pairs‚Ä¶ https://t.co/xkidthc7HA	@Rosenchild	VonVictor V. Rosenchild | HubBucket Inc Founder	United States of America	New York	New York	Positive	Joy	Twitter		464276	10555	5759	RT @UTAustin They say the best things in life come in pairs‚Ä¶ https://t.co/xkidthc7HA	Retweet		
1102738009689153536	2019-03-05 01:10:04	http://twitter.com/outandabout/status/1102738009689153536	RT @UTAustin Four UT alumni just received the state‚Äôs most respected arts distinction: the Texas Medal of Arts Award ü§ò Meet these world-changing Longhorns ‚û°Ô∏è¬†https://t.co/36OrKVtXVM @UTSOA, @utexasmoody https://t.co/BTMFfPrdsv	@outandabout	Michael Barnes	United States of America	Texas	Austin	Neutral	Joy	Twitter	M	35225	24493	20449	"RT @UTAustin Four UT alumni just received the state‚Äôs most respected arts distinction: the Texas Medal of Arts Award ü§ò 

Meet these world-changing Longhorns ‚û°Ô∏è¬†https://t.co/36OrKVtXVM @UTSOA, @utexasmoody https://t.co/BTMFfPrdsv"	Retweet		
1102743735698362368	2019-03-05 01:32:49	http://twitter.com/DrEricRoe/status/1102743735698362368	RT @UTAustin Your Longhorns at SXSW guide: http://t.co/FXpKl9lJ3k #UTSXSW	@DrEricRoe	EricRoe	United States of America			Neutral	Neutral	Twitter		247	84	193	RT @UTAustin Your Longhorns at SXSW guide: http://t.co/FXpKl9lJ3k #UTSXSW	Retweet		
