1114229036585299973	2019-04-05 18:11:18	http://twitter.com/Nurnberg/status/1114229036585299973	@Harvard Students, read. https://t.co/fzOkJ5yznY	@Nurnberg	Nurnberg	Germany	Bayern	Nornberg	Neutral	Joy	Twitter		24869	283	1203	@Harvard Students, read.  https://t.co/fzOkJ5yznY	Reply		
1114008456153821184	2019-04-05 03:34:47	http://twitter.com/stand_service2/status/1114008456153821184	RT @Harvard Laverne Cox was onstage at Harvard on Tuesday evening, reflecting on her struggle to break into Hollywood as one of the first transgender actresses of color https://t.co/IqFZc5uIOy	@stand_service2	-maxüñã-				Neutral	Neutral	Twitter	M	3659	168	301	RT @Harvard Laverne Cox was onstage at Harvard on Tuesday evening, reflecting on her struggle to break into Hollywood as one of the first transgender actresses of color  https://t.co/IqFZc5uIOy	Retweet		
1113979727973421057	2019-04-05 01:40:38	http://twitter.com/YntiEusebioA/status/1113979727973421057	RT @Harvard Done correctly, machine learning could transform treatment and diagnosis for patients worldwide https://t.co/kSd2zxenKQ	@YntiEusebioA	Ynti Y. Eusebio A. MD, MPH	Dominican Republic	Distrito Nacional	Santo Domingo	Neutral	Neutral	Twitter		3546	1830	1502	RT @Harvard Done correctly, machine learning could transform treatment and diagnosis for patients worldwide https://t.co/kSd2zxenKQ	Retweet		
1114194838939893760	2019-04-05 15:55:24	http://twitter.com/PKiepas/status/1114194838939893760	@Harvard What is the music in the background?	@PKiepas	Quepas				Neutral	Anger	Twitter		10	20	72	@Harvard What is the music in the background?	Reply		
1114308817523593216	2019-04-05 23:28:19	http://twitter.com/Themomscientisl/status/1114308817523593216	RT @Harvard The student-run @WECodeHarvard is designed to expand the skills, network, and community of technical women worldwide https://t.co/8Cbp7ZiPQE	@Themomscientisl	Themomscientist Aviah	United States of America			Neutral	Neutral	Twitter		16214	1779	3197	RT @Harvard The student-run @WECodeHarvard is designed to expand the skills, network, and community of technical women worldwide https://t.co/8Cbp7ZiPQE	Retweet		
1114079297763811328	2019-04-05 08:16:17	http://twitter.com/SanguDelle/status/1114079297763811328	RT @Harvard What happens when immigrants who've lived in the U.S. return to their country of birth? Two @hgse students are hosting an event to explore the struggles and successes of returnees and deportees. https://t.co/pXylWz4bcj	@SanguDelle	Sangu				Neutral	Neutral	Twitter		54607	6714	2178	RT @Harvard What happens when immigrants who've lived in the U.S. return to their country of birth? Two @hgse students are hosting an event to explore the struggles and successes of returnees and deportees. https://t.co/pXylWz4bcj	Retweet		
1113979367015710721	2019-04-05 01:39:12	http://twitter.com/Janna_100/status/1113979367015710721	RT @Harvard Done correctly, machine learning could transform treatment and diagnosis for patients worldwide https://t.co/kSd2zxenKQ	@Janna_100	Jeannime	Mexico	Puebla	Puebla	Neutral	Neutral	Twitter		15749	2129	2965	RT @Harvard Done correctly, machine learning could transform treatment and diagnosis for patients worldwide https://t.co/kSd2zxenKQ	Retweet		
1113983870439845888	2019-04-05 01:57:06	http://twitter.com/avishek22/status/1113983870439845888	RT @Harvard Two @harvardmed researchers Vikram Patel and Timothy Springer have received the prestigious Canada Gairdner Award for transformational work in the fields of biomedicine and global health https://t.co/nDCuCVHnuT	@avishek22	Avishek Das	India	Karnataka	Bangalore	Neutral	Neutral	Twitter		41174	582	92	RT @Harvard Two @harvardmed researchers Vikram Patel and Timothy Springer have received the prestigious Canada Gairdner Award for transformational work in the fields of biomedicine and global health https://t.co/nDCuCVHnuT	Retweet		
1114126075854901254	2019-04-05 11:22:10	http://twitter.com/johnqgoh/status/1114126075854901254	RT @Harvard A Harvard researcher‚Äôs latest book explores how and why we react to art https://t.co/a0Ok12zQKS	@johnqgoh	johnqgoh	Australia	New South Wales	Sydney	Neutral	Joy	Twitter		101918	8867	3658	RT @Harvard A Harvard researcher‚Äôs latest book explores how and why we react to art https://t.co/a0Ok12zQKS	Retweet		
1113994699943976960	2019-04-05 02:40:08	http://twitter.com/WorldUnivAndSch/status/1113994699943976960	RT @Harvard What happens when immigrants who've lived in the U.S. return to their country of birth? Two @hgse students are hosting an event to explore the struggles and successes of returnees and deportees. https://t.co/pXylWz4bcj	@WorldUnivAndSch	WorldUnivandSch				Neutral	Neutral	Twitter		26371	1135	5001	RT @Harvard What happens when immigrants who've lived in the U.S. return to their country of birth? Two @hgse students are hosting an event to explore the struggles and successes of returnees and deportees. https://t.co/pXylWz4bcj	Retweet		
1114018188893794304	2019-04-05 04:13:28	http://twitter.com/rickiamezcua/status/1114018188893794304	RT @Harvard What happens when immigrants who've lived in the U.S. return to their country of birth? Two @hgse students are hosting an event to explore the struggles and successes of returnees and deportees. https://t.co/pXylWz4bcj	@rickiamezcua	Ricardo amezcua	Argentina	Buenos Aires	Juarez	Neutral	Neutral	Twitter	M	5553	1091	785	RT @Harvard What happens when immigrants who've lived in the U.S. return to their country of birth? Two @hgse students are hosting an event to explore the struggles and successes of returnees and deportees. https://t.co/pXylWz4bcj	Retweet		
1114008869020114944	2019-04-05 03:36:26	http://twitter.com/stand_service2/status/1114008869020114944	RT @Harvard Done correctly, machine learning could transform treatment and diagnosis for patients worldwide https://t.co/kSd2zxenKQ	@stand_service2	-maxüñã-				Neutral	Neutral	Twitter	M	3661	168	301	RT @Harvard Done correctly, machine learning could transform treatment and diagnosis for patients worldwide https://t.co/kSd2zxenKQ	Retweet		
1114124997625356288	2019-04-05 11:17:53	http://twitter.com/R_Abarcia/status/1114124997625356288	RT @Harvard Done correctly, machine learning could transform treatment and diagnosis for patients worldwide https://t.co/kSd2zxenKQ	@R_Abarcia	Raul Abarcia Rojas	Chile	Antofagasta	Antofagasta	Neutral	Neutral	Twitter	M	3130	213	396	RT @Harvard Done correctly, machine learning could transform treatment and diagnosis for patients worldwide https://t.co/kSd2zxenKQ	Retweet		
1114230531498049536	2019-04-05 18:17:14	http://twitter.com/Nurnberg/status/1114230531498049536	"@Harvard @harvardiop Remember kids, Hillary & Obama's mentor was Saul Alinsky who dedicates his book to Lucifer. True. Look it up if you can find it in the communist fake news. We are under attack and the ""elite"" schools are one of the biggest problem creating communists who even go against parents"	@Nurnberg	Nurnberg	Germany	Bayern	Nornberg	Negative	Disgust	Twitter		24873	283	1203	"@Harvard @harvardiop Remember kids, Hillary & Obama's mentor was Saul Alinsky who dedicates his book to Lucifer.  True. Look it up if you can find it in the communist fake news. We are under attack and the ""elite"" schools are one of the biggest problem creating communists who even go against parents"	Reply		
1114020904864870401	2019-04-05 04:24:15	http://twitter.com/LisaPrillia2/status/1114020904864870401	RT @Harvard Done correctly, machine learning could transform treatment and diagnosis for patients worldwide https://t.co/kSd2zxenKQ	@LisaPrillia2	Lisa Aprilia	Indonesia	Jakarta Raya	Jakarta	Neutral	Neutral	Twitter	F	11	0	7	RT @Harvard Done correctly, machine learning could transform treatment and diagnosis for patients worldwide https://t.co/kSd2zxenKQ	Retweet		
1114157912115548165	2019-04-05 13:28:40	http://twitter.com/RhijutaSharma/status/1114157912115548165	RT @Harvard A Harvard researcher‚Äôs latest book explores how and why we react to art https://t.co/a0Ok12zQKS	@RhijutaSharma	Rhijuta Pokharel	Nepal	Bagmati	Kathmandu	Neutral	Joy	Twitter		12	5	84	RT @Harvard A Harvard researcher‚Äôs latest book explores how and why we react to art https://t.co/a0Ok12zQKS	Retweet		
1113982362084204544	2019-04-05 01:51:06	http://twitter.com/avishek22/status/1113982362084204544	RT @Harvard Done correctly, machine learning could transform treatment and diagnosis for patients worldwide https://t.co/kSd2zxenKQ	@avishek22	Avishek Das	India	Karnataka	Bangalore	Neutral	Neutral	Twitter		41155	582	92	RT @Harvard Done correctly, machine learning could transform treatment and diagnosis for patients worldwide https://t.co/kSd2zxenKQ	Retweet		
1114148000387878913	2019-04-05 12:49:17	http://twitter.com/HarvardClubVic/status/1114148000387878913	RT @Harvard Done correctly, machine learning could transform treatment and diagnosis for patients worldwide https://t.co/kSd2zxenKQ	@HarvardClubVic	HarvardClubVictoria	Australia	Victoria	Melbourne	Neutral	Neutral	Twitter		3773	100	59	RT @Harvard Done correctly, machine learning could transform treatment and diagnosis for patients worldwide https://t.co/kSd2zxenKQ	Retweet		
1113979633651867648	2019-04-05 01:40:16	http://twitter.com/SimonJDaigle1/status/1113979633651867648	RT @Harvard Done correctly, machine learning could transform treatment and diagnosis for patients worldwide https://t.co/kSd2zxenKQ	@SimonJDaigle1	Simon J Daigle	Canada	Qu√©bec	Montr√©al	Neutral	Neutral	Twitter	M	3467	3	155	RT @Harvard Done correctly, machine learning could transform treatment and diagnosis for patients worldwide https://t.co/kSd2zxenKQ	Retweet		
1113980463146840066	2019-04-05 01:43:33	http://twitter.com/Armando_Ribeiro/status/1113980463146840066	RT @Harvard Done correctly, machine learning could transform treatment and diagnosis for patients worldwide https://t.co/kSd2zxenKQ	@Armando_Ribeiro	Armando Ribeiro	Brazil	S√£o Paulo	Sao Paulo	Neutral	Neutral	Twitter	M	76263	3997	1199	RT @Harvard Done correctly, machine learning could transform treatment and diagnosis for patients worldwide https://t.co/kSd2zxenKQ	Retweet		
1114127848875249664	2019-04-05 11:29:13	http://twitter.com/phikokkae/status/1114127848875249664	RT @Harvard A Harvard researcher‚Äôs latest book explores how and why we react to art https://t.co/a0Ok12zQKS	@phikokkae	Raphiphat Namnaphol	Thailand	Southern	Trang	Neutral	Joy	Twitter		8151	166	602	RT @Harvard A Harvard researcher‚Äôs latest book explores how and why we react to art https://t.co/a0Ok12zQKS	Retweet		
1113988935720550401	2019-04-05 02:17:13	http://twitter.com/mathurarpit21/status/1113988935720550401	RT @Harvard Two @harvardmed researchers Vikram Patel and Timothy Springer have received the prestigious Canada Gairdner Award for transformational work in the fields of biomedicine and global health https://t.co/nDCuCVHnuT	@mathurarpit21	Arpit Mathur				Neutral	Neutral	Twitter		22	31	108	RT @Harvard Two @harvardmed researchers Vikram Patel and Timothy Springer have received the prestigious Canada Gairdner Award for transformational work in the fields of biomedicine and global health https://t.co/nDCuCVHnuT	Retweet		
1113978906263019523	2019-04-05 01:37:22	http://twitter.com/soulhealinglife/status/1113978906263019523	RT @Harvard Done correctly, machine learning could transform treatment and diagnosis for patients worldwide https://t.co/kSd2zxenKQ	@soulhealinglife	Scarlett Caquimbo	United States of America	Arizona	Mesa	Neutral	Neutral	Twitter	F	6853	59	30	RT @Harvard Done correctly, machine learning could transform treatment and diagnosis for patients worldwide https://t.co/kSd2zxenKQ	Retweet		
1114156411217502209	2019-04-05 13:22:43	http://twitter.com/CurrierHse/status/1114156411217502209	RT @Harvard Scientist Greg Skomal told a Harvard audience about his work tagging and studying great white sharks off the Massachusetts coast https://t.co/dSYgxG9vk4 https://t.co/xdJDtPAg3e	@CurrierHse	Currier House	United States of America	Massachusetts	Boston	Neutral	Neutral	Twitter		413	219	79	RT @Harvard Scientist Greg Skomal told a Harvard audience about his work tagging and studying great white sharks off the Massachusetts coast https://t.co/dSYgxG9vk4 https://t.co/xdJDtPAg3e	Retweet		
1113993885083156480	2019-04-05 02:36:53	http://twitter.com/jonathanvjf/status/1113993885083156480	RT @Harvard People with type 2 diabetes are at greater risk than the general population for developing Alzheimer‚Äôs disease - new research from @harvardmed helps explain why https://t.co/XKNSgoGymE	@jonathanvjf	JonathanFreitag	Brazil	Rio de Janeiro		Neutral	Neutral	Twitter		274	18	185	RT @Harvard People with type 2 diabetes are at greater risk than the general population for developing Alzheimer‚Äôs disease - new research from @harvardmed helps explain why https://t.co/XKNSgoGymE	Retweet		
1114020949911715843	2019-04-05 04:24:26	http://twitter.com/LisaPrillia2/status/1114020949911715843	RT @Harvard Laverne Cox was onstage at Harvard on Tuesday evening, reflecting on her struggle to break into Hollywood as one of the first transgender actresses of color https://t.co/IqFZc5uIOy	@LisaPrillia2	Lisa Aprilia	Indonesia	Jakarta Raya	Jakarta	Neutral	Neutral	Twitter	F	13	0	9	RT @Harvard Laverne Cox was onstage at Harvard on Tuesday evening, reflecting on her struggle to break into Hollywood as one of the first transgender actresses of color  https://t.co/IqFZc5uIOy	Retweet		
1114015049151131655	2019-04-05 04:00:59	http://twitter.com/cgeorge0138/status/1114015049151131655	RT @Harvard Done correctly, machine learning could transform treatment and diagnosis for patients worldwide https://t.co/kSd2zxenKQ	@cgeorge0138	Christopher George	United States of America	Illinois		Neutral	Neutral	Twitter	M	65	25	136	RT @Harvard Done correctly, machine learning could transform treatment and diagnosis for patients worldwide https://t.co/kSd2zxenKQ	Retweet		
1114237784250699776	2019-04-05 18:46:03	http://twitter.com/soulhealinglife/status/1114237784250699776	RT @Harvard A Harvard researcher‚Äôs latest book explores how and why we react to art https://t.co/a0Ok12zQKS	@soulhealinglife	Scarlett Caquimbo	United States of America	Arizona	Mesa	Neutral	Joy	Twitter	F	6856	59	30	RT @Harvard A Harvard researcher‚Äôs latest book explores how and why we react to art https://t.co/a0Ok12zQKS	Retweet		
1113981748302491648	2019-04-05 01:48:40	http://twitter.com/zvobgoluckson1/status/1113981748302491648	RT @Harvard Done correctly, machine learning could transform treatment and diagnosis for patients worldwide https://t.co/kSd2zxenKQ	@zvobgoluckson1	Zvobgo Luckson	United Kingdom			Neutral	Neutral	Twitter		55268	13191	2663	RT @Harvard Done correctly, machine learning could transform treatment and diagnosis for patients worldwide https://t.co/kSd2zxenKQ	Retweet		
1113997500275396608	2019-04-05 02:51:15	http://twitter.com/maevaghonda/status/1113997500275396608	RT @Harvard Done correctly, machine learning could transform treatment and diagnosis for patients worldwide https://t.co/kSd2zxenKQ	@maevaghonda	Ma√´va Ghonda				Neutral	Neutral	Twitter	F	1726	194	2027	RT @Harvard Done correctly, machine learning could transform treatment and diagnosis for patients worldwide https://t.co/kSd2zxenKQ	Retweet		
1114005296459001856	2019-04-05 03:22:14	http://twitter.com/CyberWarVet/status/1114005296459001856	RT @Harvard Done correctly, machine learning could transform treatment and diagnosis for patients worldwide https://t.co/kSd2zxenKQ	@CyberWarVet	Special Un-Invited Guest				Neutral	Neutral	Twitter		3617	313	416	RT @Harvard Done correctly, machine learning could transform treatment and diagnosis for patients worldwide https://t.co/kSd2zxenKQ	Retweet		
1114275126596345856	2019-04-05 21:14:27	http://twitter.com/tarundsnaol/status/1114275126596345856	RT @Harvard Harvard's Amanda Sloat discusses the complicated and fast-moving events surrounding #Brexit, the dwindling options facing May‚Äôs government, and the possible scenarios if the U.K. can‚Äôt reach an agreement in time https://t.co/5XCg1SXos3	@tarundsnaol	tarun kaushik				Neutral	Neutral	Twitter	M	22495	131	1709	RT @Harvard Harvard's Amanda Sloat discusses the complicated and fast-moving events surrounding #Brexit, the dwindling options facing May‚Äôs government, and the possible scenarios if the U.K. can‚Äôt reach an agreement in time https://t.co/5XCg1SXos3	Retweet		
1113988111929761793	2019-04-05 02:13:57	http://twitter.com/officialamirkha/status/1113988111929761793	RT @Harvard A @HarvardChanSPH symposium will address the issue of increasing numbers of diabetics among refugee populations https://t.co/KXW3yserlI	@officialamirkha	Amir Khan official	India	Maharashtra	Mumbai	Neutral	Neutral	Twitter	M	1507	16	21	RT @Harvard A @HarvardChanSPH symposium will address the issue of increasing numbers of diabetics among refugee populations https://t.co/KXW3yserlI	Retweet		
1113978532936523777	2019-04-05 01:35:53	http://twitter.com/ismimov/status/1113978532936523777	RT @Harvard Done correctly, machine learning could transform treatment and diagnosis for patients worldwide https://t.co/kSd2zxenKQ	@ismimov	#albendendeokadar!	Turkey	Marmara Region	Istanbul	Neutral	Neutral	Twitter		138	18	42	RT @Harvard Done correctly, machine learning could transform treatment and diagnosis for patients worldwide https://t.co/kSd2zxenKQ	Retweet		
1114164456714579968	2019-04-05 13:54:41	http://twitter.com/ShaimaEssa/status/1114164456714579968	RT @Harvard A large, long-term study of U.S. men and women shows a link between sugar-sweetened beverages and premature death https://t.co/FGbuNj4vVO	@ShaimaEssa	ShaimaEssa				Neutral	Neutral	Twitter		12415	1002	924	RT @Harvard A large, long-term study of U.S. men and women shows a link between sugar-sweetened beverages and premature death https://t.co/FGbuNj4vVO	Retweet		
1114174635690602496	2019-04-05 14:35:08	http://twitter.com/ScoutCambridge/status/1114174635690602496	RT @Harvard A Harvard researcher‚Äôs latest book explores how and why we react to art https://t.co/a0Ok12zQKS	@ScoutCambridge	Scout Cambridge	United States of America	Massachusetts	Boston	Neutral	Joy	Twitter		1716	1672	436	RT @Harvard A Harvard researcher‚Äôs latest book explores how and why we react to art https://t.co/a0Ok12zQKS	Retweet		
1114140381300396032	2019-04-05 12:19:01	http://twitter.com/sergioappel1/status/1114140381300396032	RT @Harvard A Harvard researcher‚Äôs latest book explores how and why we react to art https://t.co/a0Ok12zQKS	@sergioappel1	sergio appel	United States of America	California	San Diego	Neutral	Joy	Twitter	M	293	48	324	RT @Harvard A Harvard researcher‚Äôs latest book explores how and why we react to art https://t.co/a0Ok12zQKS	Retweet		
1114242546123923456	2019-04-05 19:04:59	http://twitter.com/MRAN_AL/status/1114242546123923456	RT @Harvard Done correctly, machine learning could transform treatment and diagnosis for patients worldwide https://t.co/kSd2zxenKQ	@MRAN_AL	HealthAccess ALabama	United States of America	Alabama		Neutral	Neutral	Twitter		5301	362	652	RT @Harvard Done correctly, machine learning could transform treatment and diagnosis for patients worldwide https://t.co/kSd2zxenKQ	Retweet		
1114063791220772864	2019-04-05 07:14:40	http://twitter.com/zangaridelbalzo/status/1114063791220772864	RT @Harvard Done correctly, machine learning could transform treatment and diagnosis for patients worldwide https://t.co/kSd2zxenKQ	@zangaridelbalzo	Gianluigi Zangari del Balzo	Italy	Lazio	Rome	Neutral	Neutral	Twitter	M	84	7	20	RT @Harvard Done correctly, machine learning could transform treatment and diagnosis for patients worldwide https://t.co/kSd2zxenKQ	Retweet		
1114176471411466240	2019-04-05 14:42:25	http://twitter.com/joshuahuelsenbe/status/1114176471411466240	@Harvard @harvardiop Woot woot	@joshuahuelsenbe	joshua huelsenbeck	United States of America	Michigan	Pontiac	Neutral	Unclassified	Twitter	M	613	34	343	@Harvard @harvardiop Woot woot	Reply		
1114311192535867393	2019-04-05 23:37:45	http://twitter.com/AshishBohora/status/1114311192535867393	RT @Harvard The student-run @WECodeHarvard is designed to expand the skills, network, and community of technical women worldwide https://t.co/8Cbp7ZiPQE	@AshishBohora	Ashish Bohora	India	Delhi	Delhi	Neutral	Neutral	Twitter	M	19921	103	83	RT @Harvard The student-run @WECodeHarvard is designed to expand the skills, network, and community of technical women worldwide https://t.co/8Cbp7ZiPQE	Retweet		
1114273534593896449	2019-04-05 21:08:07	http://twitter.com/connectikpeople/status/1114273534593896449	RT @Harvard What happens when immigrants who've lived in the U.S. return to their country of birth? Two @hgse students are hosting an event to explore the struggles and successes of returnees and deportees. https://t.co/pXylWz4bcj	@connectikpeople	DailyDigital Economy				Neutral	Neutral	Twitter		137857	1073	2064	RT @Harvard What happens when immigrants who've lived in the U.S. return to their country of birth? Two @hgse students are hosting an event to explore the struggles and successes of returnees and deportees. https://t.co/pXylWz4bcj	Retweet		
1114145749913092101	2019-04-05 12:40:21	http://twitter.com/alimansur357/status/1114145749913092101	RT @Harvard At the #HarvardHearsYou Gender Equity Summit, @JessWeiner, @nicolettemason, @CSiriano, and @Lavernecox discussed privilege and visibility. https://t.co/msdOI7hVEk	@alimansur357	Muh Ali Mansur				Neutral	Neutral	Twitter	M	765	13	114	RT @Harvard At the #HarvardHearsYou Gender Equity Summit, @JessWeiner, @nicolettemason, @CSiriano, and @Lavernecox discussed privilege and visibility. https://t.co/msdOI7hVEk	Retweet		
1114128160843603969	2019-04-05 11:30:27	http://twitter.com/SynRhine/status/1114128160843603969	RT @Harvard A Harvard researcher‚Äôs latest book explores how and why we react to art https://t.co/a0Ok12zQKS	@SynRhine	SynRhine				Neutral	Joy	Twitter		711	24	149	RT @Harvard A Harvard researcher‚Äôs latest book explores how and why we react to art https://t.co/a0Ok12zQKS	Retweet		
1114286411379871744	2019-04-05 21:59:17	http://twitter.com/_donaukind/status/1114286411379871744	RT @Harvard Our 2019 Commencement speaker will be... https://t.co/otHfJK8vmK https://t.co/6tIazNOTby	@_donaukind	Claudia Guener				Neutral	Neutral	Twitter	F	1734	147	313	RT @Harvard Our 2019 Commencement speaker will be... https://t.co/otHfJK8vmK https://t.co/6tIazNOTby	Retweet		
1114102281539137536	2019-04-05 09:47:37	http://twitter.com/Tania_Gue09/status/1114102281539137536	RT @Harvard Done correctly, machine learning could transform treatment and diagnosis for patients worldwide https://t.co/kSd2zxenKQ	@Tania_Gue09	Tania Guerrero	Germany	Berlin	Berlin	Neutral	Neutral	Twitter	F	1359	263	1289	RT @Harvard Done correctly, machine learning could transform treatment and diagnosis for patients worldwide https://t.co/kSd2zxenKQ	Retweet		
1114220426484494337	2019-04-05 17:37:05	http://twitter.com/SIMMinnesota/status/1114220426484494337	RT @Harvard Done correctly, machine learning could transform treatment and diagnosis for patients worldwide https://t.co/kSd2zxenKQ	@SIMMinnesota	SIM Minnesota	United States of America	Minnesota	Minneapolis	Neutral	Neutral	Twitter		125	60	211	RT @Harvard Done correctly, machine learning could transform treatment and diagnosis for patients worldwide https://t.co/kSd2zxenKQ	Retweet		
1114130371765923841	2019-04-05 11:39:14	http://twitter.com/blavatsky177/status/1114130371765923841	RT @Harvard A Harvard researcher‚Äôs latest book explores how and why we react to art https://t.co/a0Ok12zQKS	@blavatsky177	Bomin				Neutral	Joy	Twitter		2593	180	818	RT @Harvard A Harvard researcher‚Äôs latest book explores how and why we react to art https://t.co/a0Ok12zQKS	Retweet		
1114055940406370305	2019-04-05 06:43:29	http://twitter.com/toshiki03na/status/1114055940406370305	RT @Harvard What happens when immigrants who've lived in the U.S. return to their country of birth? Two @hgse students are hosting an event to explore the struggles and successes of returnees and deportees. https://t.co/pXylWz4bcj	@toshiki03na	Toshiki Nakamura	Japan			Neutral	Neutral	Twitter	M	124	22	314	RT @Harvard What happens when immigrants who've lived in the U.S. return to their country of birth? Two @hgse students are hosting an event to explore the struggles and successes of returnees and deportees. https://t.co/pXylWz4bcj	Retweet		
1113981669625741314	2019-04-05 01:48:21	http://twitter.com/Ibtesamrai/status/1113981669625741314	RT @Harvard Done correctly, machine learning could transform treatment and diagnosis for patients worldwide https://t.co/kSd2zxenKQ	@Ibtesamrai	Rai Ibtesam Zafar				Neutral	Neutral	Twitter		80407	751	723	RT @Harvard Done correctly, machine learning could transform treatment and diagnosis for patients worldwide https://t.co/kSd2zxenKQ	Retweet		
1114125705405591552	2019-04-05 11:20:42	http://twitter.com/0112Rem/status/1114125705405591552	RT @Harvard A Harvard researcher‚Äôs latest book explores how and why we react to art https://t.co/a0Ok12zQKS	@0112Rem	Rem.0112	Australia			Neutral	Joy	Twitter	M	26759	568	1740	RT @Harvard A Harvard researcher‚Äôs latest book explores how and why we react to art https://t.co/a0Ok12zQKS	Retweet		
1114059190085906432	2019-04-05 06:56:23	http://twitter.com/DrNair2/status/1114059190085906432	RT @Harvard Two @harvardmed researchers Vikram Patel and Timothy Springer have received the prestigious Canada Gairdner Award for transformational work in the fields of biomedicine and global health https://t.co/nDCuCVHnuT	@DrNair2	Dr. Nisha Nair	Australia	Queensland	Brisbane	Neutral	Neutral	Twitter		2221	92	376	RT @Harvard Two @harvardmed researchers Vikram Patel and Timothy Springer have received the prestigious Canada Gairdner Award for transformational work in the fields of biomedicine and global health https://t.co/nDCuCVHnuT	Retweet		
1114072195611996160	2019-04-05 07:48:04	http://twitter.com/rachele_ryan/status/1114072195611996160	RT @Harvard Done correctly, machine learning could transform treatment and diagnosis for patients worldwide https://t.co/kSd2zxenKQ	@rachele_ryan	Rachele Ryan	United States of America	Massachusetts	Boston	Neutral	Neutral	Twitter		696	445	1082	RT @Harvard Done correctly, machine learning could transform treatment and diagnosis for patients worldwide https://t.co/kSd2zxenKQ	Retweet		
1114118066940645378	2019-04-05 10:50:21	http://twitter.com/MalakAbed/status/1114118066940645378	RT @Harvard Done correctly, machine learning could transform treatment and diagnosis for patients worldwide https://t.co/kSd2zxenKQ	@MalakAbed	ŸÖŸÑÿßŸÉ ÿπÿßÿ®ÿØ ÿßŸÑÿ´ŸÇŸÅŸä				Neutral	Neutral	Twitter		23366	47414	1033	RT @Harvard Done correctly, machine learning could transform treatment and diagnosis for patients worldwide https://t.co/kSd2zxenKQ	Retweet		
1113989460486549504	2019-04-05 02:19:18	http://twitter.com/sdeepsingh2/status/1113989460486549504	RT @Harvard Laverne Cox was onstage at Harvard on Tuesday evening, reflecting on her struggle to break into Hollywood as one of the first transgender actresses of color https://t.co/IqFZc5uIOy	@sdeepsingh2	deepsingh				Neutral	Neutral	Twitter		487	1	19	RT @Harvard Laverne Cox was onstage at Harvard on Tuesday evening, reflecting on her struggle to break into Hollywood as one of the first transgender actresses of color  https://t.co/IqFZc5uIOy	Retweet		
1114136881703337984	2019-04-05 12:05:06	http://twitter.com/apuntesquimica/status/1114136881703337984	RT @Harvard A Harvard researcher‚Äôs latest book explores how and why we react to art https://t.co/a0Ok12zQKS	@apuntesquimica	Qu√≠mica y Biolog√≠a	Colombia	Bogota	Bogota	Neutral	Joy	Twitter		7154	122	335	RT @Harvard A Harvard researcher‚Äôs latest book explores how and why we react to art https://t.co/a0Ok12zQKS	Retweet		
1114229353880129537	2019-04-05 18:12:34	http://twitter.com/Nurnberg/status/1114229353880129537	@Harvard @BelferCenter Be careful what you read, kids. https://t.co/fzOkJ5yznY	@Nurnberg	Nurnberg	Germany	Bayern	Nornberg	Neutral	Joy	Twitter		24872	283	1203	@Harvard @BelferCenter Be careful what you read, kids.  https://t.co/fzOkJ5yznY	Reply		
1114232428426485760	2019-04-05 18:24:47	http://twitter.com/ictstrategy/status/1114232428426485760	RT @Harvard Done correctly, machine learning could transform treatment and diagnosis for patients worldwide https://t.co/kSd2zxenKQ	@ictstrategy	Jonathan James	United Kingdom	Greater London	London	Neutral	Neutral	Twitter	M	5706	2263	2333	RT @Harvard Done correctly, machine learning could transform treatment and diagnosis for patients worldwide https://t.co/kSd2zxenKQ	Retweet		
1113958479138566144	2019-04-05 00:16:12	http://twitter.com/WallyRR/status/1113958479138566144	RT @Harvard At the #HarvardHearsYou Gender Equity Summit, @JessWeiner, @nicolettemason, @CSiriano, and @Lavernecox discussed privilege and visibility. https://t.co/msdOI7hVEk	@WallyRR	Wally Rivas	Argentina	Ciudad de Buenos Aires	Buenos Aires	Neutral	Neutral	Twitter	M	19218	1364	771	RT @Harvard At the #HarvardHearsYou Gender Equity Summit, @JessWeiner, @nicolettemason, @CSiriano, and @Lavernecox discussed privilege and visibility. https://t.co/msdOI7hVEk	Retweet		
1114310114494898177	2019-04-05 23:33:28	http://twitter.com/irene2pak/status/1114310114494898177	RT @Harvard The student-run @WECodeHarvard is designed to expand the skills, network, and community of technical women worldwide https://t.co/8Cbp7ZiPQE	@irene2pak	Irene Pak	United States of America	Massachusetts		Neutral	Neutral	Twitter	F	797	166	449	RT @Harvard The student-run @WECodeHarvard is designed to expand the skills, network, and community of technical women worldwide https://t.co/8Cbp7ZiPQE	Retweet		
1114221838245044224	2019-04-05 17:42:42	http://twitter.com/FauziFauzi91/status/1114221838245044224	RT @Harvard Harvard student Kevin Ballen initially took a gap year to work for the chief of civic engagement and director of Neighborhood Services for the city of Boston, but ended up staying two years. https://t.co/mVtjvvim0f	@FauziFauzi91	fauzi lubis	Indonesia	Sumatera Utara	Medan	Neutral	Neutral	Twitter		548	165	652	RT @Harvard Harvard student Kevin Ballen initially took a gap year to work for the chief of civic engagement and director of Neighborhood Services for the city of Boston, but ended up staying two years. https://t.co/mVtjvvim0f	Retweet		
1114172202708914176	2019-04-05 14:25:28	http://twitter.com/WorldUnivAndSch/status/1114172202708914176	RT @Harvard A Harvard researcher‚Äôs latest book explores how and why we react to art https://t.co/a0Ok12zQKS	@WorldUnivAndSch	WorldUnivandSch				Neutral	Joy	Twitter		26379	1136	5001	RT @Harvard A Harvard researcher‚Äôs latest book explores how and why we react to art https://t.co/a0Ok12zQKS	Retweet		
1114034769073975296	2019-04-05 05:19:21	http://twitter.com/BrownAlumCareer/status/1114034769073975296	RT @Harvard What you do during your commute may influence how you feel about your job https://t.co/r5pFUs1YVC	@BrownAlumCareer	Brown Alumni Careers	United States of America	Rhode Island	Providence	Neutral	Joy	Twitter		10166	1517	376	RT @Harvard What you do during your commute may influence how you feel about your job https://t.co/r5pFUs1YVC	Retweet		
1114127090222288896	2019-04-05 11:26:12	http://twitter.com/RyanMarkusDotso/status/1114127090222288896	@Harvard Would the art of discovering the impossible make one eligible for any college?	@RyanMarkusDotso	Ryan Markus Dotson				Neutral	Joy	Twitter	M	79	10	36	@Harvard Would the art of discovering the impossible make one eligible for any college?	Reply		
1114111788402872320	2019-04-05 10:25:24	http://twitter.com/astridaquino1/status/1114111788402872320	@Harvard Money and connections can rig admissions. This School Doesn't Care Who Your Parents Are. Is it Stanford or Harvard ? No, it‚Äôs the California Institute of Technology https://t.co/UC1IQLappl	@astridaquino1	Astrid Yeoh				Neutral	Unclassified	Twitter	F	1483	253	2794	@Harvard Money and connections can rig admissions. This School Doesn't Care Who Your Parents Are. Is it Stanford or Harvard ? No, it‚Äôs the California Institute of Technology https://t.co/UC1IQLappl	Reply		
1114155111645949952	2019-04-05 13:17:33	http://twitter.com/Ted18641/status/1114155111645949952	RT @Harvard Done correctly, machine learning could transform treatment and diagnosis for patients worldwide https://t.co/kSd2zxenKQ	@Ted18641	Ted Grimes	United States of America	Massachusetts	Boston	Neutral	Neutral	Twitter	M	5265	51	369	RT @Harvard Done correctly, machine learning could transform treatment and diagnosis for patients worldwide https://t.co/kSd2zxenKQ	Retweet		
1114118285388333056	2019-04-05 10:51:13	http://twitter.com/abdulrhman7337/status/1114118285388333056	RT @Harvard Done correctly, machine learning could transform treatment and diagnosis for patients worldwide https://t.co/kSd2zxenKQ	@abdulrhman7337	ŸÖ. ÿπÿ®ÿØÿßŸÑÿ±ÿ≠ŸÖŸÜ ŸÖÿ®ÿßÿ±ŸÉŸäüí°üé∂	Saudi Arabia			Neutral	Neutral	Twitter		8122	308	743	RT @Harvard Done correctly, machine learning could transform treatment and diagnosis for patients worldwide https://t.co/kSd2zxenKQ	Retweet		
1114182657640816642	2019-04-05 15:07:00	http://twitter.com/RealRemyTheCat/status/1114182657640816642	RT @Harvard A Harvard researcher‚Äôs latest book explores how and why we react to art https://t.co/a0Ok12zQKS	@RealRemyTheCat	Remy!	United States of America	Massachusetts	Boston	Neutral	Joy	Twitter	M	1280	1459	377	RT @Harvard A Harvard researcher‚Äôs latest book explores how and why we react to art https://t.co/a0Ok12zQKS	Retweet		
1114008262469398533	2019-04-05 03:34:01	http://twitter.com/ImmunityForever/status/1114008262469398533	RT @Harvard Done correctly, machine learning could transform treatment and diagnosis for patients worldwide https://t.co/kSd2zxenKQ	@ImmunityForever	Faisal Alsufyani	United States of America	Massachusetts	Boston	Neutral	Neutral	Twitter	M	3615	397	2193	RT @Harvard Done correctly, machine learning could transform treatment and diagnosis for patients worldwide https://t.co/kSd2zxenKQ	Retweet		
1114146234166542337	2019-04-05 12:42:16	http://twitter.com/Nurnberg/status/1114146234166542337	@Harvard You are a United States university. Quit turning your students into anti-American communists! TRUE!	@Nurnberg	Nurnberg	Germany	Bayern	Nornberg	Negative	Unclassified	Twitter		24851	282	1201	@Harvard You are a United States university.  Quit turning your students into anti-American communists!  TRUE!	Reply		
1113980130567655425	2019-04-05 01:42:14	http://twitter.com/spkmind3/status/1113980130567655425	RT @Harvard What happens when immigrants who've lived in the U.S. return to their country of birth? Two @hgse students are hosting an event to explore the struggles and successes of returnees and deportees. https://t.co/pXylWz4bcj	@spkmind3	@spkmind3	United States of America			Neutral	Neutral	Twitter		9598	207	259	RT @Harvard What happens when immigrants who've lived in the U.S. return to their country of birth? Two @hgse students are hosting an event to explore the struggles and successes of returnees and deportees. https://t.co/pXylWz4bcj	Retweet		
1114194410604904450	2019-04-05 15:53:42	http://twitter.com/itsjustinsabir/status/1114194410604904450	RT @Harvard A Harvard researcher‚Äôs latest book explores how and why we react to art https://t.co/a0Ok12zQKS	@itsjustinsabir	Justin Sabir	India	West Bengal	Kolkata	Neutral	Joy	Twitter	M	6011	134	546	RT @Harvard A Harvard researcher‚Äôs latest book explores how and why we react to art https://t.co/a0Ok12zQKS	Retweet		
1114130124427816960	2019-04-05 11:38:15	http://twitter.com/sdeepsingh2/status/1114130124427816960	RT @Harvard A Harvard researcher‚Äôs latest book explores how and why we react to art https://t.co/a0Ok12zQKS	@sdeepsingh2	deepsingh				Neutral	Joy	Twitter		510	3	19	RT @Harvard A Harvard researcher‚Äôs latest book explores how and why we react to art https://t.co/a0Ok12zQKS	Retweet		
1114112415698829312	2019-04-05 10:27:53	http://twitter.com/astridaquino1/status/1114112415698829312	@Harvard @applytoharvard A federal lawsuit accuses Harvard of maintaining quotas on the number of Asian Americans it accepts. According to court filings, they often have superior credentials but are assigned lower rankings for subjective ‚Äúpersonal‚Äù qualities.	@astridaquino1	Astrid Yeoh				Negative	Disgust	Twitter	F	1486	253	2794	@Harvard @applytoharvard A federal lawsuit accuses Harvard of maintaining quotas on the number of Asian Americans it accepts. According to court filings, they often have superior credentials but are assigned lower rankings for subjective ‚Äúpersonal‚Äù qualities.	Reply		
1113962239168532481	2019-04-05 00:31:08	http://twitter.com/_Ready4TheWorld/status/1113962239168532481	RT @Harvard At the #HarvardHearsYou Gender Equity Summit, @JessWeiner, @nicolettemason, @CSiriano, and @Lavernecox discussed privilege and visibility. https://t.co/msdOI7hVEk	@_Ready4TheWorld	Kellie Clarisse ‚ôìÔ∏è ü¶Ñ				Neutral	Neutral	Twitter	F	67674	860	648	RT @Harvard At the #HarvardHearsYou Gender Equity Summit, @JessWeiner, @nicolettemason, @CSiriano, and @Lavernecox discussed privilege and visibility. https://t.co/msdOI7hVEk	Retweet		
1113987416891592705	2019-04-05 02:11:11	http://twitter.com/officialamirkha/status/1113987416891592705	RT @Harvard Radcliffe researcher Lisa Diller explores genetic testing in newborns that could help them escape severe health consequences https://t.co/qwHpe1MYXd	@officialamirkha	Amir Khan official	India	Maharashtra	Mumbai	Neutral	Neutral	Twitter	M	1484	16	21	RT @Harvard Radcliffe researcher Lisa Diller explores genetic testing in newborns that could help them escape severe health consequences https://t.co/qwHpe1MYXd	Retweet		
1114230016613552128	2019-04-05 18:15:12	http://twitter.com/anthonymamore/status/1114230016613552128	RT @Harvard A Harvard researcher‚Äôs latest book explores how and why we react to art https://t.co/a0Ok12zQKS	@anthonymamore	Anthony Amore	United States of America			Neutral	Joy	Twitter	M	2557	1789	1275	RT @Harvard A Harvard researcher‚Äôs latest book explores how and why we react to art https://t.co/a0Ok12zQKS	Retweet		
1113989881120714754	2019-04-05 02:20:59	http://twitter.com/sdeepsingh2/status/1113989881120714754	RT @Harvard Britain‚Äôs deadline for leaving the European Union is only days away, yet there‚Äôs still no exit plan. Analyst Amanda Sloat of the @BelferCenter outlines the dwindling options for the gridlocked government. https://t.co/5XCg1SXos3	@sdeepsingh2	deepsingh				Neutral	Neutral	Twitter		489	2	19	RT @Harvard Britain‚Äôs deadline for leaving the European Union is only days away, yet there‚Äôs still no exit plan. Analyst Amanda Sloat of the @BelferCenter outlines the dwindling options for the gridlocked government. https://t.co/5XCg1SXos3	Retweet		
1114221983628242945	2019-04-05 17:43:16	http://twitter.com/GovntPM/status/1114221983628242945	@Harvard I hope he does make it politically. All these deadbeat presidents have failed miserably.	@GovntPM	Bryan	United States of America	Texas	Dallas	Negative	Unclassified	Twitter	M	290	8	133	@Harvard I hope he does make it politically. All these deadbeat presidents have failed miserably.	Reply		
1114144549692112896	2019-04-05 12:35:35	http://twitter.com/baylishka227/status/1114144549692112896	RT @Harvard A Harvard researcher‚Äôs latest book explores how and why we react to art https://t.co/a0Ok12zQKS	@baylishka227	M√§mmet D√§de	United States of America	Texas	Houston	Neutral	Joy	Twitter		4352	189	369	RT @Harvard A Harvard researcher‚Äôs latest book explores how and why we react to art https://t.co/a0Ok12zQKS	Retweet		
1114152453384097793	2019-04-05 13:06:59	http://twitter.com/danreis86/status/1114152453384097793	RT @Harvard A Harvard researcher‚Äôs latest book explores how and why we react to art https://t.co/a0Ok12zQKS	@danreis86	Danilo	Brazil	Bahia		Neutral	Joy	Twitter	M	65690	1113	717	RT @Harvard A Harvard researcher‚Äôs latest book explores how and why we react to art https://t.co/a0Ok12zQKS	Retweet		
1114217903941877760	2019-04-05 17:27:04	http://twitter.com/AnOkieinSC/status/1114217903941877760	@Harvard @harvardiop So dumb to be so allegedly smart. https://t.co/js7woNxjQB	@AnOkieinSC	Okie	United States of America			Neutral	Unclassified	Twitter		1885	50	264	@Harvard @harvardiop So dumb to be so allegedly smart. https://t.co/js7woNxjQB	Reply		
1114308412421148672	2019-04-05 23:26:43	http://twitter.com/CalZole/status/1114308412421148672	RT @Harvard The student-run @WECodeHarvard is designed to expand the skills, network, and community of technical women worldwide https://t.co/8Cbp7ZiPQE	@CalZole	Rodrigo Nunes Cal - Zole	Brazil	S√£o Paulo	Sao Jose do Rio Preto	Neutral	Neutral	Twitter	M	1775	91	5001	RT @Harvard The student-run @WECodeHarvard is designed to expand the skills, network, and community of technical women worldwide https://t.co/8Cbp7ZiPQE	Retweet		
1113987643879055362	2019-04-05 02:12:05	http://twitter.com/officialamirkha/status/1113987643879055362	RT @Harvard People with type 2 diabetes are at greater risk than the general population for developing Alzheimer‚Äôs disease - new research from @harvardmed helps explain why https://t.co/XKNSgoGymE	@officialamirkha	Amir Khan official	India	Maharashtra	Mumbai	Neutral	Neutral	Twitter	M	1489	16	21	RT @Harvard People with type 2 diabetes are at greater risk than the general population for developing Alzheimer‚Äôs disease - new research from @harvardmed helps explain why https://t.co/XKNSgoGymE	Retweet		
1114131796147429376	2019-04-05 11:44:54	http://twitter.com/CRGUNESH/status/1114131796147429376	RT @Harvard A Harvard researcher‚Äôs latest book explores how and why we react to art https://t.co/a0Ok12zQKS	@CRGUNESH	CRG				Neutral	Joy	Twitter		53622	622	878	RT @Harvard A Harvard researcher‚Äôs latest book explores how and why we react to art https://t.co/a0Ok12zQKS	Retweet		
1113987971424772097	2019-04-05 02:13:23	http://twitter.com/officialamirkha/status/1113987971424772097	RT @Harvard Done correctly, machine learning could transform treatment and diagnosis for patients worldwide https://t.co/kSd2zxenKQ	@officialamirkha	Amir Khan official	India	Maharashtra	Mumbai	Neutral	Neutral	Twitter	M	1501	16	21	RT @Harvard Done correctly, machine learning could transform treatment and diagnosis for patients worldwide https://t.co/kSd2zxenKQ	Retweet		
1114221201684090886	2019-04-05 17:40:10	http://twitter.com/modernamy/status/1114221201684090886	RT @Harvard A Harvard researcher‚Äôs latest book explores how and why we react to art https://t.co/a0Ok12zQKS	@modernamy	Amy Kundrat				Neutral	Joy	Twitter	F	15765	2383	2567	RT @Harvard A Harvard researcher‚Äôs latest book explores how and why we react to art https://t.co/a0Ok12zQKS	Retweet		
1114185090269999110	2019-04-05 15:16:40	http://twitter.com/oliebro/status/1114185090269999110	RT @Harvard A Harvard researcher‚Äôs latest book explores how and why we react to art https://t.co/a0Ok12zQKS	@oliebro	Hectorj Arevalog				Neutral	Joy	Twitter		5908	76	101	RT @Harvard A Harvard researcher‚Äôs latest book explores how and why we react to art https://t.co/a0Ok12zQKS	Retweet		
1113961766336200705	2019-04-05 00:29:16	http://twitter.com/TAMarnegie/status/1113961766336200705	RT @Harvard Two @harvardmed researchers Vikram Patel and Timothy Springer have received the prestigious Canada Gairdner Award for transformational work in the fields of biomedicine and global health https://t.co/nDCuCVHnuT	@TAMarnegie	T. A. Marnegie				Neutral	Neutral	Twitter		11409	139	527	RT @Harvard Two @harvardmed researchers Vikram Patel and Timothy Springer have received the prestigious Canada Gairdner Award for transformational work in the fields of biomedicine and global health https://t.co/nDCuCVHnuT	Retweet		
1113978386806919169	2019-04-05 01:35:18	http://twitter.com/SantchiWeb/status/1113978386806919169	RT @Harvard Done correctly, machine learning could transform treatment and diagnosis for patients worldwide https://t.co/kSd2zxenKQ	@SantchiWeb	Santchi	United Kingdom	North West	Liverpool	Neutral	Neutral	Twitter		190395	4527	4857	RT @Harvard Done correctly, machine learning could transform treatment and diagnosis for patients worldwide https://t.co/kSd2zxenKQ	Retweet		
1113988088189964288	2019-04-05 02:13:51	http://twitter.com/officialamirkha/status/1113988088189964288	RT @Harvard Welcome to Harvard, Class of 2023! #Harvard2023 https://t.co/86nMyyIPzP	@officialamirkha	Amir Khan official	India	Maharashtra	Mumbai	Neutral	Joy	Twitter	M	1506	16	21	RT @Harvard Welcome to Harvard, Class of 2023! #Harvard2023 https://t.co/86nMyyIPzP	Retweet		
1113980576330022915	2019-04-05 01:44:00	http://twitter.com/smallnad/status/1113980576330022915	RT @Harvard Done correctly, machine learning could transform treatment and diagnosis for patients worldwide https://t.co/kSd2zxenKQ	@smallnad	DadRunsSocialMedia				Neutral	Neutral	Twitter		24286	1414	3684	RT @Harvard Done correctly, machine learning could transform treatment and diagnosis for patients worldwide https://t.co/kSd2zxenKQ	Retweet		
1114126870553952259	2019-04-05 11:25:20	http://twitter.com/JulianaAzoli/status/1114126870553952259	RT @Harvard A Harvard researcher‚Äôs latest book explores how and why we react to art https://t.co/a0Ok12zQKS	@JulianaAzoli	Juliana Oliveira üïâÔ∏è‚úäüèøüé≠	Brazil	Rio de Janeiro		Neutral	Joy	Twitter	F	4113	191	356	RT @Harvard A Harvard researcher‚Äôs latest book explores how and why we react to art https://t.co/a0Ok12zQKS	Retweet		
1114141552429785089	2019-04-05 12:23:40	http://twitter.com/MarcelaSaebL/status/1114141552429785089	RT @Harvard A Harvard researcher‚Äôs latest book explores how and why we react to art https://t.co/a0Ok12zQKS	@MarcelaSaebL	Marcela SaebLima				Neutral	Joy	Twitter	F	39143	3530	3511	RT @Harvard A Harvard researcher‚Äôs latest book explores how and why we react to art https://t.co/a0Ok12zQKS	Retweet		
1114309736760004609	2019-04-05 23:31:58	http://twitter.com/RhonaGibson/status/1114309736760004609	RT @Harvard The student-run @WECodeHarvard is designed to expand the skills, network, and community of technical women worldwide https://t.co/8Cbp7ZiPQE	@RhonaGibson	Rhona Gibson	United States of America	New York	New York	Neutral	Neutral	Twitter	F	2772	221	945	RT @Harvard The student-run @WECodeHarvard is designed to expand the skills, network, and community of technical women worldwide https://t.co/8Cbp7ZiPQE	Retweet		
1114144289540464640	2019-04-05 12:34:33	http://twitter.com/FaizahAAlshehr1/status/1114144289540464640	RT @Harvard Done correctly, machine learning could transform treatment and diagnosis for patients worldwide https://t.co/kSd2zxenKQ	@FaizahAAlshehr1	Faizah A. Alshehri ÿ£. ŸÅÿßŸäÿ≤ÿ© ÿ£ÿ≠ŸÖÿØ ÿßŸÑÿ¥Ÿáÿ±Ÿä	Saudi Arabia	Ar Riyad	Riyadh	Neutral	Neutral	Twitter		64	51	143	RT @Harvard Done correctly, machine learning could transform treatment and diagnosis for patients worldwide https://t.co/kSd2zxenKQ	Retweet		
1113987235823505408	2019-04-05 02:10:28	http://twitter.com/officialamirkha/status/1113987235823505408	RT @Harvard What you do during your commute may influence how you feel about your job https://t.co/r5pFUs1YVC	@officialamirkha	Amir Khan official	India	Maharashtra	Mumbai	Neutral	Joy	Twitter	M	1479	16	21	RT @Harvard What you do during your commute may influence how you feel about your job https://t.co/r5pFUs1YVC	Retweet		
1114227695418658816	2019-04-05 18:05:58	http://twitter.com/tarundsnaol/status/1114227695418658816	RT @Harvard Harvard student Kevin Ballen initially took a gap year to work for the chief of civic engagement and director of Neighborhood Services for the city of Boston, but ended up staying two years. https://t.co/mVtjvvim0f	@tarundsnaol	tarun kaushik				Neutral	Neutral	Twitter	M	22352	130	1683	RT @Harvard Harvard student Kevin Ballen initially took a gap year to work for the chief of civic engagement and director of Neighborhood Services for the city of Boston, but ended up staying two years. https://t.co/mVtjvvim0f	Retweet		
1114020936703864832	2019-04-05 04:24:23	http://twitter.com/LisaPrillia2/status/1114020936703864832	RT @Harvard Scientist Greg Skomal told a Harvard audience about his work tagging and studying great white sharks off the Massachusetts coast https://t.co/dSYgxG9vk4 https://t.co/xdJDtPAg3e	@LisaPrillia2	Lisa Aprilia	Indonesia	Jakarta Raya	Jakarta	Neutral	Neutral	Twitter	F	12	0	9	RT @Harvard Scientist Greg Skomal told a Harvard audience about his work tagging and studying great white sharks off the Massachusetts coast https://t.co/dSYgxG9vk4 https://t.co/xdJDtPAg3e	Retweet		
1113986354860269568	2019-04-05 02:06:58	http://twitter.com/HORangwaraS19/status/1113986354860269568	RT @Harvard Done correctly, machine learning could transform treatment and diagnosis for patients worldwide https://t.co/kSd2zxenKQ	@HORangwaraS19	HORAS				Neutral	Neutral	Twitter		2051	165	58	RT @Harvard Done correctly, machine learning could transform treatment and diagnosis for patients worldwide https://t.co/kSd2zxenKQ	Retweet		
1114017046289760256	2019-04-05 04:08:55	http://twitter.com/SalariVahid/status/1114017046289760256	RT @Harvard Done correctly, machine learning could transform treatment and diagnosis for patients worldwide https://t.co/kSd2zxenKQ	@SalariVahid	Vahid Salari				Neutral	Neutral	Twitter	M	243	68	276	RT @Harvard Done correctly, machine learning could transform treatment and diagnosis for patients worldwide https://t.co/kSd2zxenKQ	Retweet		
1114146050036719617	2019-04-05 12:41:32	http://twitter.com/Nurnberg/status/1114146050036719617	@Harvard What kind of brain surgery are you doing to your students? Shame on you. https://t.co/gvudXKOGFH	@Nurnberg	Nurnberg	Germany	Bayern	Nornberg	Negative	Disgust	Twitter		24850	282	1201	@Harvard What kind of brain surgery are you doing to your students?  Shame on you.  https://t.co/gvudXKOGFH	Reply		
1113978575210917889	2019-04-05 01:36:03	http://twitter.com/AmjadHafeez19/status/1113978575210917889	RT @Harvard Done correctly, machine learning could transform treatment and diagnosis for patients worldwide https://t.co/kSd2zxenKQ	@AmjadHafeez19	Amjad Hafeez	United Kingdom	East	Cambridge	Neutral	Neutral	Twitter	M	1857	881	232	RT @Harvard Done correctly, machine learning could transform treatment and diagnosis for patients worldwide https://t.co/kSd2zxenKQ	Retweet		
1113985235123830784	2019-04-05 02:02:31	http://twitter.com/OscarPosadaO1/status/1113985235123830784	RT @Harvard Done correctly, machine learning could transform treatment and diagnosis for patients worldwide https://t.co/kSd2zxenKQ	@OscarPosadaO1	Oscar Posada O.	Colombia	Antioquia	Medellin	Neutral	Neutral	Twitter	M	343	19	253	RT @Harvard Done correctly, machine learning could transform treatment and diagnosis for patients worldwide https://t.co/kSd2zxenKQ	Retweet		
1113965226347630592	2019-04-05 00:43:01	http://twitter.com/HarvardResearch/status/1113965226347630592	RT @Harvard Two @harvardmed researchers Vikram Patel and Timothy Springer have received the prestigious Canada Gairdner Award for transformational work in the fields of biomedicine and global health https://t.co/nDCuCVHnuT	@HarvardResearch	Harvard Research	United States of America	Massachusetts	Boston	Neutral	Neutral	Twitter		6912	135417	79	RT @Harvard Two @harvardmed researchers Vikram Patel and Timothy Springer have received the prestigious Canada Gairdner Award for transformational work in the fields of biomedicine and global health https://t.co/nDCuCVHnuT	Retweet		
1113980419756761089	2019-04-05 01:43:23	http://twitter.com/ricky_15champ/status/1113980419756761089	RT @Harvard Done correctly, machine learning could transform treatment and diagnosis for patients worldwide https://t.co/kSd2zxenKQ	@ricky_15champ	Follow Your Dreams	United States of America	Ohio	Columbus	Neutral	Neutral	Twitter		1714	117	782	RT @Harvard Done correctly, machine learning could transform treatment and diagnosis for patients worldwide https://t.co/kSd2zxenKQ	Retweet		
1114150457906167808	2019-04-05 12:59:03	http://twitter.com/geraltami/status/1114150457906167808	RT @Harvard A Harvard researcher‚Äôs latest book explores how and why we react to art https://t.co/a0Ok12zQKS	@geraltami	German Altamira				Neutral	Joy	Twitter	M	26045	249	47	RT @Harvard A Harvard researcher‚Äôs latest book explores how and why we react to art https://t.co/a0Ok12zQKS	Retweet		
1113976863750098945	2019-04-05 01:29:15	http://twitter.com/ILinBailey/status/1113976863750098945	RT @Harvard Alum Vanessa Siddle Walker's book ‚ÄúThe Lost Education of Horace Tate: Uncovering the Hidden Heroes Who Fought for Justice in Schools‚Äù examines how pre-integration black schools formed a network that laid groundwork for social and cultural advancements https://t.co/1HFB6f2qLG	@ILinBailey	I. Lin Bailey				Neutral	Neutral	Twitter	F	15470	505	1485	RT @Harvard Alum Vanessa Siddle Walker's book ‚ÄúThe Lost Education of Horace Tate: Uncovering the Hidden Heroes Who Fought for Justice in Schools‚Äù examines how pre-integration black schools formed a network that laid groundwork for social and cultural advancements https://t.co/1HFB6f2qLG	Retweet		
1114125644219277312	2019-04-05 11:20:27	http://twitter.com/w6n_s/status/1114125644219277312	RT @Harvard A Harvard researcher‚Äôs latest book explores how and why we react to art https://t.co/a0Ok12zQKS	@w6n_s	ŸÅŸäÿµŸÑ ÿßŸÑŸÖŸáŸÜÿß	United States of America			Neutral	Joy	Twitter		124872	3402	2108	RT @Harvard A Harvard researcher‚Äôs latest book explores how and why we react to art https://t.co/a0Ok12zQKS	Retweet		
1113979950439313409	2019-04-05 01:41:31	http://twitter.com/carranzadanielh/status/1113979950439313409	RT @Harvard Done correctly, machine learning could transform treatment and diagnosis for patients worldwide https://t.co/kSd2zxenKQ	@carranzadanielh	Danielh Carranza				Neutral	Neutral	Twitter		3127	408	629	RT @Harvard Done correctly, machine learning could transform treatment and diagnosis for patients worldwide https://t.co/kSd2zxenKQ	Retweet		
1113979497802600449	2019-04-05 01:39:43	http://twitter.com/TheDevJB/status/1113979497802600449	@Harvard I want to see more companies get in on this.. except @Microsoft.	@TheDevJB	JB	United States of America	Connecticut		Positive	Unclassified	Twitter		59	2	140	@Harvard I want to see more companies get in on this.. except @Microsoft.	Reply		
1114296251204296704	2019-04-05 22:38:23	http://twitter.com/prdipsklabaidya/status/1114296251204296704	RT @Harvard Done correctly, machine learning could transform treatment and diagnosis for patients worldwide https://t.co/kSd2zxenKQ	@prdipsklabaidya	Chowkidar Pradip Suklabaidya	India	Assam	Silchar	Neutral	Neutral	Twitter		624	75	894	RT @Harvard Done correctly, machine learning could transform treatment and diagnosis for patients worldwide https://t.co/kSd2zxenKQ	Retweet		
1114177015337422849	2019-04-05 14:44:35	http://twitter.com/hjrocha94/status/1114177015337422849	RT @Harvard The @harvardiop's National Youth Poll on the 2020 Democratic primary found that Senator Bernie Sanders leads among likely young Democratic presidential primary voters https://t.co/atDQVHwNdB	@hjrocha94	Humberto J. Rocha	United States of America	Connecticut		Neutral	Neutral	Twitter	M	4335	256	1560	RT @Harvard The @harvardiop's National Youth Poll on the 2020 Democratic primary found that Senator Bernie Sanders leads among likely young Democratic presidential primary voters https://t.co/atDQVHwNdB	Retweet		
1114309339265818624	2019-04-05 23:30:24	http://twitter.com/m_older/status/1114309339265818624	RT @Harvard The student-run @WECodeHarvard is designed to expand the skills, network, and community of technical women worldwide https://t.co/8Cbp7ZiPQE	@m_older	Malka Older				Neutral	Neutral	Twitter	F	107669	6100	1870	RT @Harvard The student-run @WECodeHarvard is designed to expand the skills, network, and community of technical women worldwide https://t.co/8Cbp7ZiPQE	Retweet		
1114218708992442368	2019-04-05 17:30:16	http://twitter.com/Patriciacruzdh/status/1114218708992442368	RT @Harvard At the #HarvardHearsYou Gender Equity Summit, @JessWeiner, @nicolettemason, @CSiriano, and @Lavernecox discussed privilege and visibility. https://t.co/msdOI7hVEk	@Patriciacruzdh	Patricia Cruz				Neutral	Neutral	Twitter	F	1930	30475	27896	RT @Harvard At the #HarvardHearsYou Gender Equity Summit, @JessWeiner, @nicolettemason, @CSiriano, and @Lavernecox discussed privilege and visibility. https://t.co/msdOI7hVEk	Retweet		
1114175330086944768	2019-04-05 14:37:53	http://twitter.com/FreeWisdom4U/status/1114175330086944768	RT @Harvard What happens when immigrants who've lived in the U.S. return to their country of birth? Two @hgse students are hosting an event to explore the struggles and successes of returnees and deportees. https://t.co/pXylWz4bcj	@FreeWisdom4U	Free Wisdom	India			Neutral	Neutral	Twitter		131	37	39	RT @Harvard What happens when immigrants who've lived in the U.S. return to their country of birth? Two @hgse students are hosting an event to explore the struggles and successes of returnees and deportees. https://t.co/pXylWz4bcj	Retweet		
1113995257081778176	2019-04-05 02:42:20	http://twitter.com/scottmacleod/status/1113995257081778176	RT @Harvard What happens when immigrants who've lived in the U.S. return to their country of birth? Two @hgse students are hosting an event to explore the struggles and successes of returnees and deportees. https://t.co/pXylWz4bcj	@scottmacleod	scottmacleod	United States of America	California	San Francisco	Neutral	Neutral	Twitter		19525	1561	4994	RT @Harvard What happens when immigrants who've lived in the U.S. return to their country of birth? Two @hgse students are hosting an event to explore the struggles and successes of returnees and deportees. https://t.co/pXylWz4bcj	Retweet		
1113990876353536001	2019-04-05 02:24:56	http://twitter.com/sdeepsingh2/status/1113990876353536001	RT @Harvard Scientist Greg Skomal told a Harvard audience about his work tagging and studying great white sharks off the Massachusetts coast https://t.co/dSYgxG9vk4 https://t.co/xdJDtPAg3e	@sdeepsingh2	deepsingh				Neutral	Neutral	Twitter		491	3	19	RT @Harvard Scientist Greg Skomal told a Harvard audience about his work tagging and studying great white sharks off the Massachusetts coast https://t.co/dSYgxG9vk4 https://t.co/xdJDtPAg3e	Retweet		
1114040863695544320	2019-04-05 05:43:34	http://twitter.com/nawafmag/status/1114040863695544320	RT @Harvard A large, long-term study of U.S. men and women shows a link between sugar-sweetened beverages and premature death https://t.co/FGbuNj4vVO	@nawafmag	Nawaf				Neutral	Neutral	Twitter		186	245	324	RT @Harvard A large, long-term study of U.S. men and women shows a link between sugar-sweetened beverages and premature death https://t.co/FGbuNj4vVO	Retweet		
1114084494070493184	2019-04-05 08:36:56	http://twitter.com/ilovesohagkhan/status/1114084494070493184	RT @Harvard What happens when immigrants who've lived in the U.S. return to their country of birth? Two @hgse students are hosting an event to explore the struggles and successes of returnees and deportees. https://t.co/pXylWz4bcj	@ilovesohagkhan	Sohag khan				Neutral	Neutral	Twitter		11183	545	2078	RT @Harvard What happens when immigrants who've lived in the U.S. return to their country of birth? Two @hgse students are hosting an event to explore the struggles and successes of returnees and deportees. https://t.co/pXylWz4bcj	Retweet		
1114137030710124545	2019-04-05 12:05:42	http://twitter.com/DeepakRajgor/status/1114137030710124545	RT @Harvard A Harvard researcher‚Äôs latest book explores how and why we react to art https://t.co/a0Ok12zQKS	@DeepakRajgor	Deepak Rajgor üõ∞Ô∏è	India			Neutral	Joy	Twitter	M	15236	10641	9444	RT @Harvard A Harvard researcher‚Äôs latest book explores how and why we react to art https://t.co/a0Ok12zQKS	Retweet		
1114236101483487232	2019-04-05 18:39:22	http://twitter.com/resilient_ent/status/1114236101483487232	RT @Harvard Done correctly, machine learning could transform treatment and diagnosis for patients worldwide https://t.co/kSd2zxenKQ	@resilient_ent	RESILIENT MEDIA ENT	United States of America	New York	New York	Neutral	Neutral	Twitter		1274591	2987	606	RT @Harvard Done correctly, machine learning could transform treatment and diagnosis for patients worldwide https://t.co/kSd2zxenKQ	Retweet		
1113994028893315072	2019-04-05 02:37:28	http://twitter.com/KeavinDuffy/status/1113994028893315072	RT @Harvard What happens when immigrants who've lived in the U.S. return to their country of birth? Two @hgse students are hosting an event to explore the struggles and successes of returnees and deportees. https://t.co/pXylWz4bcj	@KeavinDuffy	(/Ààk√¶v…ôn/) Duffy Jr.	United States of America	Massachusetts		Neutral	Neutral	Twitter		1449	54	1063	RT @Harvard What happens when immigrants who've lived in the U.S. return to their country of birth? Two @hgse students are hosting an event to explore the struggles and successes of returnees and deportees. https://t.co/pXylWz4bcj	Retweet		
1114156044773728256	2019-04-05 13:21:15	http://twitter.com/GovntPM/status/1114156044773728256	@Harvard I took this picture @Stanford https://t.co/0KpJN0FMuU	@GovntPM	Bryan	United States of America	Texas	Dallas	Neutral	Joy	Twitter	M	282	10	133	@Harvard I took this picture @Stanford https://t.co/0KpJN0FMuU	Reply		
1113998671014658048	2019-04-05 02:55:54	http://twitter.com/terissasimental/status/1113998671014658048	RT @Harvard What happens when immigrants who've lived in the U.S. return to their country of birth? Two @hgse students are hosting an event to explore the struggles and successes of returnees and deportees. https://t.co/pXylWz4bcj	@terissasimental	T	United States of America	Connecticut	Stamford	Neutral	Neutral	Twitter		4820	173	366	RT @Harvard What happens when immigrants who've lived in the U.S. return to their country of birth? Two @hgse students are hosting an event to explore the struggles and successes of returnees and deportees. https://t.co/pXylWz4bcj	Retweet		
1113979650936537088	2019-04-05 01:40:20	http://twitter.com/deepindex/status/1113979650936537088	RT @Harvard Done correctly, machine learning could transform treatment and diagnosis for patients worldwide https://t.co/kSd2zxenKQ	@deepindex	DeepIndex				Neutral	Neutral	Twitter		39330	1034	4006	RT @Harvard Done correctly, machine learning could transform treatment and diagnosis for patients worldwide https://t.co/kSd2zxenKQ	Retweet		
1113988132569899009	2019-04-05 02:14:02	http://twitter.com/officialamirkha/status/1113988132569899009	RT @Harvard Students at @harvardmed presented research topics ranging from improving migraine surgery to detecting new potential biomarkers for glaucoma https://t.co/9yGHV9i9ZZ	@officialamirkha	Amir Khan official	India	Maharashtra	Mumbai	Neutral	Neutral	Twitter	M	1508	16	21	RT @Harvard Students at @harvardmed presented research topics ranging from improving migraine surgery to detecting new potential biomarkers for glaucoma https://t.co/9yGHV9i9ZZ	Retweet		
1114157574113382402	2019-04-05 13:27:20	http://twitter.com/ManonHerzog/status/1114157574113382402	RT @Harvard A Harvard researcher‚Äôs latest book explores how and why we react to art https://t.co/a0Ok12zQKS	@ManonHerzog	Manon Herzog				Neutral	Joy	Twitter	F	2064	190	510	RT @Harvard A Harvard researcher‚Äôs latest book explores how and why we react to art https://t.co/a0Ok12zQKS	Retweet		
1113993995523432448	2019-04-05 02:37:20	http://twitter.com/jonathanvjf/status/1113993995523432448	RT @Harvard This photography exhibit at @ArnoldArboretum is bringing nature to life https://t.co/AFnDXXZh3f https://t.co/1vq2nONvUq	@jonathanvjf	JonathanFreitag	Brazil	Rio de Janeiro		Neutral	Joy	Twitter		275	18	185	RT @Harvard This photography exhibit at @ArnoldArboretum is bringing nature to life https://t.co/AFnDXXZh3f https://t.co/1vq2nONvUq	Retweet		
1114260414764859394	2019-04-05 20:15:59	http://twitter.com/jackzray/status/1114260414764859394	RT @Harvard Harvard student Kevin Ballen initially took a gap year to work for the chief of civic engagement and director of Neighborhood Services for the city of Boston, but ended up staying two years. https://t.co/mVtjvvim0f	@jackzray	ËõáÂ¥©Â•â‰ªïÊúÉ „ÄêÂÖ¨Âºè„Äë	Japan	Tokyo	Tokyo	Neutral	Neutral	Twitter		636	22	917	RT @Harvard Harvard student Kevin Ballen initially took a gap year to work for the chief of civic engagement and director of Neighborhood Services for the city of Boston, but ended up staying two years. https://t.co/mVtjvvim0f	Retweet		
1114128361000001536	2019-04-05 11:31:15	http://twitter.com/Fletcher_N_S/status/1114128361000001536	RT @Harvard A Harvard researcher‚Äôs latest book explores how and why we react to art https://t.co/a0Ok12zQKS	@Fletcher_N_S	Norman Stanley Fletcher				Neutral	Joy	Twitter	M	1803	68	304	RT @Harvard A Harvard researcher‚Äôs latest book explores how and why we react to art https://t.co/a0Ok12zQKS	Retweet		
1114171658313641984	2019-04-05 14:23:18	http://twitter.com/MarandoAlicia/status/1114171658313641984	RT @Harvard A Harvard researcher‚Äôs latest book explores how and why we react to art https://t.co/a0Ok12zQKS	@MarandoAlicia	Alicia Marando				Neutral	Joy	Twitter	F	758	15	38	RT @Harvard A Harvard researcher‚Äôs latest book explores how and why we react to art https://t.co/a0Ok12zQKS	Retweet		
1114180845378707458	2019-04-05 14:59:48	http://twitter.com/worldcitizen1st/status/1114180845378707458	RT @Harvard The @harvardiop's National Youth Poll on the 2020 Democratic primary found that Senator Bernie Sanders leads among likely young Democratic presidential primary voters https://t.co/atDQVHwNdB	@worldcitizen1st	Yily foote				Neutral	Neutral	Twitter		87876	316	330	RT @Harvard The @harvardiop's National Youth Poll on the 2020 Democratic primary found that Senator Bernie Sanders leads among likely young Democratic presidential primary voters https://t.co/atDQVHwNdB	Retweet		
1113978862877077504	2019-04-05 01:37:12	http://twitter.com/batengineer/status/1113978862877077504	RT @Harvard Done correctly, machine learning could transform treatment and diagnosis for patients worldwide https://t.co/kSd2zxenKQ	@batengineer	–ë–ê–¢–´–ô	Mongolia	Ulaanbaatar	Ulaanbaatar	Neutral	Neutral	Twitter		84114	58632	2117	RT @Harvard Done correctly, machine learning could transform treatment and diagnosis for patients worldwide https://t.co/kSd2zxenKQ	Retweet		
1113982588106854400	2019-04-05 01:52:00	http://twitter.com/AltairKaumualii/status/1113982588106854400	@Harvard 1973 Instead of Returning Dragon Gold & Paying My Ohana the FRB Sent the US Army to End My Royal Line Donald you Ppl missed Me. I Do bleed Donald I just will not die at the hands of men or any other Only by Elohim Will. Dragons We Live forever not so much you Ppl Donald. Â§©Á•ûÊ°• https://t.co/4El7cj4dTM	@AltairKaumualii	Gabriel Kaumuali'i	United States of America			Neutral	Neutral	Twitter	M	33240	151	218	@Harvard 1973 Instead of Returning Dragon Gold & Paying My Ohana the FRB Sent the US Army to End My Royal Line Donald you Ppl missed Me. I Do bleed Donald I just will not die at the hands of men or any other Only by Elohim Will. Dragons We Live forever not so much you Ppl Donald. Â§©Á•ûÊ°• https://t.co/4El7cj4dTM	Reply		
1113993748768276482	2019-04-05 02:36:21	http://twitter.com/jonathanvjf/status/1113993748768276482	RT @Harvard A @HarvardChanSPH symposium will address the issue of increasing numbers of diabetics among refugee populations https://t.co/KXW3yserlI	@jonathanvjf	JonathanFreitag	Brazil	Rio de Janeiro		Neutral	Neutral	Twitter		273	18	185	RT @Harvard A @HarvardChanSPH symposium will address the issue of increasing numbers of diabetics among refugee populations https://t.co/KXW3yserlI	Retweet		
1114219427044765696	2019-04-05 17:33:07	http://twitter.com/0405MarisaR/status/1114219427044765696	RT @Harvard Harvard student Kevin Ballen initially took a gap year to work for the chief of civic engagement and director of Neighborhood Services for the city of Boston, but ended up staying two years. https://t.co/mVtjvvim0f	@0405MarisaR	Maru BA ARG clase baja	Argentina	Ciudad de Buenos Aires	Buenos Aires	Neutral	Neutral	Twitter		66788	198	334	RT @Harvard Harvard student Kevin Ballen initially took a gap year to work for the chief of civic engagement and director of Neighborhood Services for the city of Boston, but ended up staying two years. https://t.co/mVtjvvim0f	Retweet		
1114141729467162625	2019-04-05 12:24:22	http://twitter.com/KISHANAK4791/status/1114141729467162625	RT @Harvard A Harvard researcher‚Äôs latest book explores how and why we react to art https://t.co/a0Ok12zQKS	@KISHANAK4791	Kishan Egurla (Ph.D)	India	Andhra Pradesh	Hyderabad	Neutral	Joy	Twitter	M	120	102	1678	RT @Harvard A Harvard researcher‚Äôs latest book explores how and why we react to art https://t.co/a0Ok12zQKS	Retweet		
1114180403697344512	2019-04-05 14:58:03	http://twitter.com/samwt20492829/status/1114180403697344512	RT @Harvard The @harvardiop's National Youth Poll on the 2020 Democratic primary found that Senator Bernie Sanders leads among likely young Democratic presidential primary voters https://t.co/atDQVHwNdB	@samwt20492829	SAMUL MOOR WALTONIII				Neutral	Neutral	Twitter		2411	630	2450	RT @Harvard The @harvardiop's National Youth Poll on the 2020 Democratic primary found that Senator Bernie Sanders leads among likely young Democratic presidential primary voters https://t.co/atDQVHwNdB	Retweet		
1113987758811258880	2019-04-05 02:12:33	http://twitter.com/officialamirkha/status/1113987758811258880	RT @Harvard Two @harvardmed researchers Vikram Patel and Timothy Springer have received the prestigious Canada Gairdner Award for transformational work in the fields of biomedicine and global health https://t.co/nDCuCVHnuT	@officialamirkha	Amir Khan official	India	Maharashtra	Mumbai	Neutral	Neutral	Twitter	M	1494	16	21	RT @Harvard Two @harvardmed researchers Vikram Patel and Timothy Springer have received the prestigious Canada Gairdner Award for transformational work in the fields of biomedicine and global health https://t.co/nDCuCVHnuT	Retweet		
1113960993296719873	2019-04-05 00:26:11	http://twitter.com/K201820/status/1113960993296719873	@Harvard Alright, so he likes the fish: https://t.co/DP4GhEhVCG	@K201820	K.2018	Canada	British Columbia		Neutral	Disgust	Twitter		31853	1186	5001	@Harvard Alright, so he likes the fish: https://t.co/DP4GhEhVCG	Reply		
1114131714752876544	2019-04-05 11:44:35	http://twitter.com/HackingRacism/status/1114131714752876544	RT @Harvard Done correctly, machine learning could transform treatment and diagnosis for patients worldwide https://t.co/kSd2zxenKQ	@HackingRacism	Hacking Racism				Neutral	Neutral	Twitter		50070	829	3451	RT @Harvard Done correctly, machine learning could transform treatment and diagnosis for patients worldwide https://t.co/kSd2zxenKQ	Retweet		
1114259639422550016	2019-04-05 20:12:54	http://twitter.com/Elainesoya/status/1114259639422550016	RT @Harvard Harvard's Amanda Sloat discusses the complicated and fast-moving events surrounding #Brexit, the dwindling options facing May‚Äôs government, and the possible scenarios if the U.K. can‚Äôt reach an agreement in time https://t.co/5XCg1SXos3	@Elainesoya	Elaine Elaine				Neutral	Neutral	Twitter	F	2326	409	1483	RT @Harvard Harvard's Amanda Sloat discusses the complicated and fast-moving events surrounding #Brexit, the dwindling options facing May‚Äôs government, and the possible scenarios if the U.K. can‚Äôt reach an agreement in time https://t.co/5XCg1SXos3	Retweet		
1114254624977051649	2019-04-05 19:52:59	http://twitter.com/FitXpose/status/1114254624977051649	@Harvard God you guys just can‚Äôt stay out of the news. Isn‚Äôt Harvard all about morals and integrity? Absolutely pathetic	@FitXpose	FitXpose				Negative	Sadness	Twitter		414	2	3	@Harvard God you guys just can‚Äôt stay out of the news. Isn‚Äôt Harvard all about morals and integrity? Absolutely pathetic	Reply		
1113981459738562561	2019-04-05 01:47:31	http://twitter.com/STFUImTweetn0_o/status/1113981459738562561	RT @Harvard Done correctly, machine learning could transform treatment and diagnosis for patients worldwide https://t.co/kSd2zxenKQ	@STFUImTweetn0_o	Cüî∫Cüî∫HR|Business|Strategic Manager|Brand|Promo|				Neutral	Neutral	Twitter		192062	3675	3495	RT @Harvard Done correctly, machine learning could transform treatment and diagnosis for patients worldwide https://t.co/kSd2zxenKQ	Retweet		
1114254207685730304	2019-04-05 19:51:19	http://twitter.com/HarvardLocal/status/1114254207685730304	RT @Harvard Harvard student Kevin Ballen initially took a gap year to work for the chief of civic engagement and director of Neighborhood Services for the city of Boston, but ended up staying two years. https://t.co/mVtjvvim0f	@HarvardLocal	Harvard Local	United Kingdom			Neutral	Neutral	Twitter		2609	1809	213	RT @Harvard Harvard student Kevin Ballen initially took a gap year to work for the chief of civic engagement and director of Neighborhood Services for the city of Boston, but ended up staying two years. https://t.co/mVtjvvim0f	Retweet		
1113981126299672577	2019-04-05 01:46:11	http://twitter.com/citizen_rahul/status/1113981126299672577	RT @Harvard Britain‚Äôs deadline for leaving the European Union is only days away, yet there‚Äôs still no exit plan. Analyst Amanda Sloat of the @BelferCenter outlines the dwindling options for the gridlocked government. https://t.co/5XCg1SXos3	@citizen_rahul	Rahul Gupta	India	Delhi	Delhi	Neutral	Neutral	Twitter	M	1132	91	2445	RT @Harvard Britain‚Äôs deadline for leaving the European Union is only days away, yet there‚Äôs still no exit plan. Analyst Amanda Sloat of the @BelferCenter outlines the dwindling options for the gridlocked government. https://t.co/5XCg1SXos3	Retweet		
1114277198930669568	2019-04-05 21:22:41	http://twitter.com/SansSouciJesse/status/1114277198930669568	RT @Harvard Done correctly, machine learning could transform treatment and diagnosis for patients worldwide https://t.co/kSd2zxenKQ	@SansSouciJesse	Jesse				Neutral	Neutral	Twitter	M	8704	1171	1032	RT @Harvard Done correctly, machine learning could transform treatment and diagnosis for patients worldwide https://t.co/kSd2zxenKQ	Retweet		
1114130061051842560	2019-04-05 11:38:00	http://twitter.com/greerwesterink/status/1114130061051842560	RT @Harvard A Harvard researcher‚Äôs latest book explores how and why we react to art https://t.co/a0Ok12zQKS	@greerwesterink	greer westerink	United States of America			Neutral	Joy	Twitter		8641	247	479	RT @Harvard A Harvard researcher‚Äôs latest book explores how and why we react to art https://t.co/a0Ok12zQKS	Retweet		
1114273822985814017	2019-04-05 21:09:16	http://twitter.com/Martinacuna1965/status/1114273822985814017	RT @Harvard Harvard's Amanda Sloat discusses the complicated and fast-moving events surrounding #Brexit, the dwindling options facing May‚Äôs government, and the possible scenarios if the U.K. can‚Äôt reach an agreement in time https://t.co/5XCg1SXos3	@Martinacuna1965	Mart√≠n Acu√±a				Neutral	Neutral	Twitter	M	84766	724	465	RT @Harvard Harvard's Amanda Sloat discusses the complicated and fast-moving events surrounding #Brexit, the dwindling options facing May‚Äôs government, and the possible scenarios if the U.K. can‚Äôt reach an agreement in time https://t.co/5XCg1SXos3	Retweet		
1113979639184146434	2019-04-05 01:40:17	http://twitter.com/enriquen/status/1113979639184146434	RT @Harvard Done correctly, machine learning could transform treatment and diagnosis for patients worldwide https://t.co/kSd2zxenKQ	@enriquen	Enriquen¬Æ				Neutral	Neutral	Twitter		133638	1898	4089	RT @Harvard Done correctly, machine learning could transform treatment and diagnosis for patients worldwide https://t.co/kSd2zxenKQ	Retweet		
1114204236714258432	2019-04-05 16:32:45	http://twitter.com/wapppHKS/status/1114204236714258432	RT @Harvard Laverne Cox was onstage at Harvard on Tuesday evening, reflecting on her struggle to break into Hollywood as one of the first transgender actresses of color https://t.co/IqFZc5uIOy	@wapppHKS	Women&PublicPolicy	United States of America	Massachusetts	Boston	Neutral	Neutral	Twitter		5169	5796	769	RT @Harvard Laverne Cox was onstage at Harvard on Tuesday evening, reflecting on her struggle to break into Hollywood as one of the first transgender actresses of color  https://t.co/IqFZc5uIOy	Retweet		
1114227145977597957	2019-04-05 18:03:47	http://twitter.com/JCEstarellas/status/1114227145977597957	RT @Harvard Harvard student Kevin Ballen initially took a gap year to work for the chief of civic engagement and director of Neighborhood Services for the city of Boston, but ended up staying two years. https://t.co/mVtjvvim0f	@JCEstarellas	J.C.Estarellas				Neutral	Neutral	Twitter		24435	351	693	RT @Harvard Harvard student Kevin Ballen initially took a gap year to work for the chief of civic engagement and director of Neighborhood Services for the city of Boston, but ended up staying two years. https://t.co/mVtjvvim0f	Retweet		
1114242624439951361	2019-04-05 19:05:17	http://twitter.com/SantchiWeb/status/1114242624439951361	RT @Harvard Done correctly, machine learning could transform treatment and diagnosis for patients worldwide https://t.co/kSd2zxenKQ	@SantchiWeb	Santchi	United Kingdom	North West	Liverpool	Neutral	Neutral	Twitter		191533	4536	4858	RT @Harvard Done correctly, machine learning could transform treatment and diagnosis for patients worldwide https://t.co/kSd2zxenKQ	Retweet		
1114147132271939584	2019-04-05 12:45:50	http://twitter.com/Nurnberg/status/1114147132271939584	@Harvard Students, when you get to the pearly gates, will you be thinking about your Harvard education or will you be asking yourself (and the Lord) if you will be going to heaven or hell? Universities are stealing your faith AND your loyalty to our America. Shame on them. @fbi	@Nurnberg	Nurnberg	Germany	Bayern	Nornberg	Negative	Joy	Twitter		24852	282	1201	@Harvard Students, when you get to the pearly gates, will you be thinking about your Harvard education or will you be asking yourself (and the Lord) if you will be going to heaven or hell?  Universities are stealing your faith AND your loyalty to our America.  Shame on them. @fbi	Reply		
1113986721375563778	2019-04-05 02:08:25	http://twitter.com/johninct/status/1113986721375563778	RT @Harvard Done correctly, machine learning could transform treatment and diagnosis for patients worldwide https://t.co/kSd2zxenKQ	@johninct	john callaghan				Neutral	Neutral	Twitter	M	304	31	202	RT @Harvard Done correctly, machine learning could transform treatment and diagnosis for patients worldwide https://t.co/kSd2zxenKQ	Retweet		
1114037000062099456	2019-04-05 05:28:13	http://twitter.com/SharerUssharing/status/1114037000062099456	RT @Harvard People with type 2 diabetes are at greater risk than the general population for developing Alzheimer‚Äôs disease - new research from @harvardmed helps explain why https://t.co/XKNSgoGymE	@SharerUssharing	Sharer UsSharing	Netherlands	Noord-Holland	Amsterdam	Neutral	Neutral	Twitter		263003	25119	26571	RT @Harvard People with type 2 diabetes are at greater risk than the general population for developing Alzheimer‚Äôs disease - new research from @harvardmed helps explain why https://t.co/XKNSgoGymE	Retweet		
1113986000647217153	2019-04-05 02:05:34	http://twitter.com/officialamirkha/status/1113986000647217153	RT @Harvard The latest book by Harvard's Ellen Winner, ‚ÄúHow Art Works: A Psychological Exploration,‚Äù looks at art through psychological and philosophical lenses https://t.co/a0Ok12zQKS	@officialamirkha	Amir Khan official	India	Maharashtra	Mumbai	Neutral	Joy	Twitter	M	1460	16	21	RT @Harvard The latest book by Harvard's Ellen Winner, ‚ÄúHow Art Works: A Psychological Exploration,‚Äù  looks at art through psychological and philosophical lenses https://t.co/a0Ok12zQKS	Retweet		
1113988057319870464	2019-04-05 02:13:44	http://twitter.com/officialamirkha/status/1113988057319870464	RT @Harvard Speaking recently at Harvard, transportation expert Janette Sadik-Khan advocated for more pedestrian-friendly streets https://t.co/l33LlxVb7c	@officialamirkha	Amir Khan official	India	Maharashtra	Mumbai	Neutral	Neutral	Twitter	M	1504	16	21	RT @Harvard Speaking recently at Harvard, transportation expert Janette Sadik-Khan advocated for more pedestrian-friendly streets https://t.co/l33LlxVb7c	Retweet		
1114229085058863105	2019-04-05 18:11:29	http://twitter.com/Nurnberg/status/1114229085058863105	@Harvard @harvardiop Students, please read. https://t.co/fzOkJ5yznY	@Nurnberg	Nurnberg	Germany	Bayern	Nornberg	Neutral	Unclassified	Twitter		24870	283	1203	@Harvard @harvardiop Students, please read.  https://t.co/fzOkJ5yznY	Reply		
1114308531149209601	2019-04-05 23:27:11	http://twitter.com/CalZole/status/1114308531149209601	@Harvard @WECodeHarvard Top post. My blog updated! https://t.co/Lx67ehrOj4 Many people of the world visited it. There are many very important informations. Visit and share it if possible. Thank you in advance. Much health for the world always. Best wishes. #time	@CalZole	Rodrigo Nunes Cal - Zole	Brazil	S√£o Paulo	Sao Jose do Rio Preto	Neutral	Joy	Twitter	M	1776	91	5001	"@Harvard @WECodeHarvard Top post.
  My blog updated! https://t.co/Lx67ehrOj4 Many people of the world visited it. There are many very important informations. Visit and share it if possible. Thank you in advance. Much health for the world always.
  Best wishes. #time"	Reply		
1114127161252823041	2019-04-05 11:26:29	http://twitter.com/Isaiah21452669/status/1114127161252823041	@Harvard shall review thanks for info Harvard University	@Isaiah21452669	Isaiah				Neutral	Neutral	Twitter	M	54668	460	3732	"@Harvard shall review
thanks for info Harvard  University"	Reply		
1113979999034511360	2019-04-05 01:41:43	http://twitter.com/carlosidrovoc/status/1113979999034511360	RT @Harvard Done correctly, machine learning could transform treatment and diagnosis for patients worldwide https://t.co/kSd2zxenKQ	@carlosidrovoc	Carlos Idrovo Cuenca				Neutral	Neutral	Twitter	M	78	27	406	RT @Harvard Done correctly, machine learning could transform treatment and diagnosis for patients worldwide https://t.co/kSd2zxenKQ	Retweet		
1114019034675200000	2019-04-05 04:16:49	http://twitter.com/GavelHunter/status/1114019034675200000	@Harvard @applytoharvard Lmao people buying their way into Harvard make admissions into the school such a joke. I‚Äôll be sure to buy a house for the school‚Äôs next fencing coach for my children	@GavelHunter	AmuurcaRox	United States of America	New York	New York	Neutral	Unclassified	Twitter		7010	694	1273	@Harvard @applytoharvard Lmao people buying their way into Harvard make admissions into the school such a joke. I‚Äôll be sure to buy a house for the school‚Äôs next fencing coach for my children	Reply		
1113955103818559488	2019-04-05 00:02:47	http://twitter.com/KateSherrill/status/1113955103818559488	RT @Harvard At the #HarvardHearsYou Gender Equity Summit, @JessWeiner, @nicolettemason, @CSiriano, and @Lavernecox discussed privilege and visibility. https://t.co/msdOI7hVEk	@KateSherrill	Kate Sherrill MLS	United States of America			Neutral	Neutral	Twitter	F	116323	1684	1860	RT @Harvard At the #HarvardHearsYou Gender Equity Summit, @JessWeiner, @nicolettemason, @CSiriano, and @Lavernecox discussed privilege and visibility. https://t.co/msdOI7hVEk	Retweet		
1113989198120226816	2019-04-05 02:18:16	http://twitter.com/sdeepsingh2/status/1113989198120226816	RT @Harvard Done correctly, machine learning could transform treatment and diagnosis for patients worldwide https://t.co/kSd2zxenKQ	@sdeepsingh2	deepsingh				Neutral	Neutral	Twitter		485	1	19	RT @Harvard Done correctly, machine learning could transform treatment and diagnosis for patients worldwide https://t.co/kSd2zxenKQ	Retweet		
1113982528967278592	2019-04-05 01:51:46	http://twitter.com/NeWRoiSca/status/1113982528967278592	RT @Harvard Done correctly, machine learning could transform treatment and diagnosis for patients worldwide https://t.co/kSd2zxenKQ	@NeWRoiSca	Rose C.	Panama	Panama	Panama City	Neutral	Neutral	Twitter	F	29873	1273	2222	RT @Harvard Done correctly, machine learning could transform treatment and diagnosis for patients worldwide https://t.co/kSd2zxenKQ	Retweet		
1114093049544695808	2019-04-05 09:10:56	http://twitter.com/EleniAngel3/status/1114093049544695808	RT @Harvard Done correctly, machine learning could transform treatment and diagnosis for patients worldwide https://t.co/kSd2zxenKQ	@EleniAngel3	Eleni Angelopoulou	United Kingdom	South Western	Glasgow	Neutral	Neutral	Twitter	F	3110	347	406	RT @Harvard Done correctly, machine learning could transform treatment and diagnosis for patients worldwide https://t.co/kSd2zxenKQ	Retweet		
1113986903991128064	2019-04-05 02:09:09	http://twitter.com/officialamirkha/status/1113986903991128064	RT @Harvard After two gap years, first-year student Kevin Ballen brings his enthusiasm for public service to Harvard https://t.co/mVtjvvim0f	@officialamirkha	Amir Khan official	India	Maharashtra	Mumbai	Positive	Neutral	Twitter	M	1471	16	21	RT @Harvard After two gap years, first-year student Kevin Ballen brings his enthusiasm for public service to Harvard https://t.co/mVtjvvim0f	Retweet		
1113979685304770561	2019-04-05 01:40:28	http://twitter.com/templariodark/status/1113979685304770561	RT @Harvard People with type 2 diabetes are at greater risk than the general population for developing Alzheimer‚Äôs disease - new research from @harvardmed helps explain why https://t.co/XKNSgoGymE	@templariodark	javier tajonar				Neutral	Neutral	Twitter	M	10082	370	4990	RT @Harvard People with type 2 diabetes are at greater risk than the general population for developing Alzheimer‚Äôs disease - new research from @harvardmed helps explain why https://t.co/XKNSgoGymE	Retweet		
1114126095765377025	2019-04-05 11:22:15	http://twitter.com/FredyOmarMarti1/status/1114126095765377025	RT @Harvard A Harvard researcher‚Äôs latest book explores how and why we react to art https://t.co/a0Ok12zQKS	@FredyOmarMarti1	Fredy Omar Martinez Jimenez	Colombia	Santander	Barrancabermeja	Neutral	Joy	Twitter	M	4211	56	468	RT @Harvard A Harvard researcher‚Äôs latest book explores how and why we react to art https://t.co/a0Ok12zQKS	Retweet		
1114126603104088064	2019-04-05 11:24:16	http://twitter.com/ITProfess_Actor/status/1114126603104088064	@Harvard Dear Harvard, Unfortunately you are sleeping 24 hrs a day.There're too much crimes & Health Issues because of Smoking,Alcohol,Drug,PORN,Premarital Sex and Extramarital affairs...your Inner-conscience has died and you don't care about our KIDs & Youth. ENJOY.. Fool's paradise.	@ITProfess_Actor	Jay				Negative	Sadness	Twitter	M	168015	44	65	@Harvard Dear Harvard, Unfortunately you are sleeping 24 hrs a day.There're too much crimes & Health Issues because of Smoking,Alcohol,Drug,PORN,Premarital Sex and Extramarital affairs...your Inner-conscience has died and you don't care about our KIDs & Youth. ENJOY.. Fool's paradise.	Reply		
1114165479160143872	2019-04-05 13:58:45	http://twitter.com/rachel_sanch/status/1114165479160143872	RT @Harvard What happens when immigrants who've lived in the U.S. return to their country of birth? Two @hgse students are hosting an event to explore the struggles and successes of returnees and deportees. https://t.co/pXylWz4bcj	@rachel_sanch	Rachel				Neutral	Neutral	Twitter	F	67	1	38	RT @Harvard What happens when immigrants who've lived in the U.S. return to their country of birth? Two @hgse students are hosting an event to explore the struggles and successes of returnees and deportees. https://t.co/pXylWz4bcj	Retweet		
1114177079614955520	2019-04-05 14:44:50	http://twitter.com/sdeepsingh2/status/1114177079614955520	RT @Harvard The @harvardiop's National Youth Poll on the 2020 Democratic primary found that Senator Bernie Sanders leads among likely young Democratic presidential primary voters https://t.co/atDQVHwNdB	@sdeepsingh2	deepsingh				Neutral	Neutral	Twitter		515	4	19	RT @Harvard The @harvardiop's National Youth Poll on the 2020 Democratic primary found that Senator Bernie Sanders leads among likely young Democratic presidential primary voters https://t.co/atDQVHwNdB	Retweet		
1113987928894496768	2019-04-05 02:13:13	http://twitter.com/officialamirkha/status/1113987928894496768	RT @Harvard Alum Vanessa Siddle Walker's book ‚ÄúThe Lost Education of Horace Tate: Uncovering the Hidden Heroes Who Fought for Justice in Schools‚Äù examines how pre-integration black schools formed a network that laid groundwork for social and cultural advancements https://t.co/1HFB6f2qLG	@officialamirkha	Amir Khan official	India	Maharashtra	Mumbai	Neutral	Neutral	Twitter	M	1499	16	21	RT @Harvard Alum Vanessa Siddle Walker's book ‚ÄúThe Lost Education of Horace Tate: Uncovering the Hidden Heroes Who Fought for Justice in Schools‚Äù examines how pre-integration black schools formed a network that laid groundwork for social and cultural advancements https://t.co/1HFB6f2qLG	Retweet		
1114008660064198656	2019-04-05 03:35:36	http://twitter.com/stand_service2/status/1114008660064198656	RT @Harvard People with type 2 diabetes are at greater risk than the general population for developing Alzheimer‚Äôs disease - new research from @harvardmed helps explain why https://t.co/XKNSgoGymE	@stand_service2	-maxüñã-				Neutral	Neutral	Twitter	M	3660	168	301	RT @Harvard People with type 2 diabetes are at greater risk than the general population for developing Alzheimer‚Äôs disease - new research from @harvardmed helps explain why https://t.co/XKNSgoGymE	Retweet		
1114132198221807616	2019-04-05 11:46:30	http://twitter.com/StevenN87014384/status/1114132198221807616	RT @Harvard Alum Vanessa Siddle Walker spoke at @hgse about ‚ÄúBlack Educators and the Struggle for Justice in Schools,‚Äù and revealed that the history challenged her own preconceptions about black education before integration https://t.co/1HFB6f2qLG	@StevenN87014384	Steven Nicolas	United States of America			Neutral	Neutral	Twitter	M	45	8	167	RT @Harvard Alum Vanessa Siddle Walker spoke at @hgse about ‚ÄúBlack Educators and the Struggle for Justice in Schools,‚Äù and revealed that the history challenged her own preconceptions about black education before integration  https://t.co/1HFB6f2qLG	Retweet		
1113990460245250049	2019-04-05 02:23:17	http://twitter.com/EdmundWJLee/status/1113990460245250049	RT @Harvard Done correctly, machine learning could transform treatment and diagnosis for patients worldwide https://t.co/kSd2zxenKQ	@EdmundWJLee	Edmund Lee	United States of America	Massachusetts		Neutral	Neutral	Twitter	M	336	95	545	RT @Harvard Done correctly, machine learning could transform treatment and diagnosis for patients worldwide https://t.co/kSd2zxenKQ	Retweet		
1114129289757302784	2019-04-05 11:34:56	http://twitter.com/wagner110/status/1114129289757302784	RT @Harvard A Harvard researcher‚Äôs latest book explores how and why we react to art https://t.co/a0Ok12zQKS	@wagner110	Wagner	Brazil	Distrito Federal	Brasilia	Neutral	Joy	Twitter	M	6872	34	105	RT @Harvard A Harvard researcher‚Äôs latest book explores how and why we react to art https://t.co/a0Ok12zQKS	Retweet		
1114194764746723328	2019-04-05 15:55:07	http://twitter.com/itsjustinsabir/status/1114194764746723328	RT @Harvard The @harvardiop's National Youth Poll on the 2020 Democratic primary found that Senator Bernie Sanders leads among likely young Democratic presidential primary voters https://t.co/atDQVHwNdB	@itsjustinsabir	Justin Sabir	India	West Bengal	Kolkata	Neutral	Neutral	Twitter	M	6012	134	546	RT @Harvard The @harvardiop's National Youth Poll on the 2020 Democratic primary found that Senator Bernie Sanders leads among likely young Democratic presidential primary voters https://t.co/atDQVHwNdB	Retweet		
1114038102492893184	2019-04-05 05:32:36	http://twitter.com/Fidelismudimu/status/1114038102492893184	RT @Harvard Two @harvardmed researchers Vikram Patel and Timothy Springer have received the prestigious Canada Gairdner Award for transformational work in the fields of biomedicine and global health https://t.co/nDCuCVHnuT	@Fidelismudimu	Fidelis Mudimu	Zimbabwe	Harare	Harare	Neutral	Neutral	Twitter		119	188	382	RT @Harvard Two @harvardmed researchers Vikram Patel and Timothy Springer have received the prestigious Canada Gairdner Award for transformational work in the fields of biomedicine and global health https://t.co/nDCuCVHnuT	Retweet		
1114070520889085952	2019-04-05 07:41:25	http://twitter.com/ashwini702/status/1114070520889085952	RT @Harvard Two @harvardmed researchers Vikram Patel and Timothy Springer have received the prestigious Canada Gairdner Award for transformational work in the fields of biomedicine and global health https://t.co/nDCuCVHnuT	@ashwini702	ASHWINI KUMAR üáÆüá≥	India			Neutral	Neutral	Twitter		248	38	320	RT @Harvard Two @harvardmed researchers Vikram Patel and Timothy Springer have received the prestigious Canada Gairdner Award for transformational work in the fields of biomedicine and global health https://t.co/nDCuCVHnuT	Retweet		
1114125859152060416	2019-04-05 11:21:18	http://twitter.com/FionaPurrrZ/status/1114125859152060416	RT @Harvard A Harvard researcher‚Äôs latest book explores how and why we react to art https://t.co/a0Ok12zQKS	@FionaPurrrZ	Fiona Purrr Z	New Zealand	Auckland	Auckland	Neutral	Joy	Twitter	F	5708	570	582	RT @Harvard A Harvard researcher‚Äôs latest book explores how and why we react to art https://t.co/a0Ok12zQKS	Retweet		
1114065018834817025	2019-04-05 07:19:33	http://twitter.com/ALSHEBAILY/status/1114065018834817025	RT @Harvard Done correctly, machine learning could transform treatment and diagnosis for patients worldwide https://t.co/kSd2zxenKQ	@ALSHEBAILY	ŸÖÿ≠ŸÖÿØ ÿßŸÑÿ¥ÿ®ŸäŸÑŸä	Saudi Arabia	Ar Riyad	Riyadh	Neutral	Neutral	Twitter		20531	674	929	RT @Harvard Done correctly, machine learning could transform treatment and diagnosis for patients worldwide https://t.co/kSd2zxenKQ	Retweet		
1113978687463088128	2019-04-05 01:36:30	http://twitter.com/danreis86/status/1113978687463088128	RT @Harvard Done correctly, machine learning could transform treatment and diagnosis for patients worldwide https://t.co/kSd2zxenKQ	@danreis86	Danilo	Brazil	Bahia		Neutral	Neutral	Twitter	M	65673	1113	717	RT @Harvard Done correctly, machine learning could transform treatment and diagnosis for patients worldwide https://t.co/kSd2zxenKQ	Retweet		
