1114656067588382720	2019-04-06 22:28:10	http://twitter.com/lauracgilleslil/status/1114656067588382720	RT @CityofTwoRivers What do the Adult children have to say about this? Will they take a fall too? I hope so. #CollegeCheatingScandal #CollegeAdmissionsScandal #PrisonTime #NoHouseArrest https://t.co/FPSpAZv76V	@lauracgilleslil	üò° üá∫üá∏				Neutral	Neutral	Twitter		550717	7254	7985	"RT @CityofTwoRivers What do the Adult children have to say about this?

Will they take a fall too?  I hope so.

#CollegeCheatingScandal 
#CollegeAdmissionsScandal 
#PrisonTime #NoHouseArrest

https://t.co/FPSpAZv76V"	Retweet		
1114536302148554752	2019-04-06 14:32:16	http://twitter.com/LGKITTEN/status/1114536302148554752	RT @craig_koproski Seems legit #CollegeCheatingScandal He bought the fencing coach‚Äôs house. Then his son got into Harvard https://t.co/iEYMRLGERD via @BostonGlobe	@LGKITTEN	BaRbiE VoN TrUmP üêá	Indonesia			Positive	Neutral	Twitter	F	153147	5464	5379	"RT @craig_koproski Seems legit #CollegeCheatingScandal 
He bought the fencing coach‚Äôs house. Then his son got into Harvard https://t.co/iEYMRLGERD via @BostonGlobe"	Retweet		
1114589159442620416	2019-04-06 18:02:18	http://twitter.com/hildyjohns/status/1114589159442620416	Ah, the modern synonym for reputation, integrity, character. #CollegeCheatingScandal https://t.co/c5CoDhk94k	@hildyjohns	Tony Ramirez	United States of America	Arizona	Phoenix	Neutral	Neutral	Twitter	M	57501	1395	3486	Ah, the modern synonym for reputation, integrity, character.  #CollegeCheatingScandal https://t.co/c5CoDhk94k	Tweet		
1114467303524044805	2019-04-06 09:58:05	http://twitter.com/DWF92997512/status/1114467303524044805	#WasAReallyDumbIdea #CollegeAdmissionsScandal but what #WasAReallyDumbIdea #CollegeCheatingScandal what parent dont want the best for thier child #WasAReallyDumbIdea not to tell your kids to do thier best https://t.co/ZBLjnHfa3x	@DWF92997512	DWF	Barbados	Saint Michael	Bridgetown	Negative	Sadness	Twitter		9977	138	233	#WasAReallyDumbIdea #CollegeAdmissionsScandal but what #WasAReallyDumbIdea #CollegeCheatingScandal what parent dont want the best for thier child #WasAReallyDumbIdea not to tell your kids to do thier best https://t.co/ZBLjnHfa3x	Tweet		
1114659542317568000	2019-04-06 22:41:58	http://twitter.com/yungmonir/status/1114659542317568000	Hey! I need serious, obedient and honest sugar baby that I wanna get spoil with money ? I'm pay $300 weekly for serious sugarbaby #mentalhealth #sugarbabywanted #movies #mexicandynasties #collegecheatingscandal #collegestudent #sugarbabyneeded #HawaiiFive0 #Constantine #McDonalds	@yungmonir	Anthony Molina	United States of America	Florida	Jacksonville	Positive	Unclassified	Twitter	M	145	96	319	Hey! I need serious, obedient and honest sugar baby that I wanna get spoil with money ? I'm pay $300 weekly for serious sugarbaby #mentalhealth #sugarbabywanted #movies #mexicandynasties #collegecheatingscandal #collegestudent #sugarbabyneeded #HawaiiFive0 #Constantine #McDonalds	Tweet		
1114563219559862273	2019-04-06 16:19:13	http://twitter.com/sojosay/status/1114563219559862273	"RT @TalbertSwan Harvard fencing coach sold his house for 2x its assessed value. The town assessor says, ""it makes no sense."" But it does... A wealthy Maryland businessman purchaed it. His kid was then accepted to Harvard and the fencing team. #CollegeCheatingScandal https://t.co/AgNLAsfmYf"	@sojosay	Sojosay				Neutral	Neutral	Twitter		55927	361	1867	"RT @TalbertSwan Harvard fencing coach sold his house for 2x its assessed value. The town assessor says, ""it makes no sense."" 

But it does...

A wealthy Maryland businessman purchaed it. His kid was then accepted to Harvard and the fencing team.

#CollegeCheatingScandal

https://t.co/AgNLAsfmYf"	Retweet		
1114507383043231745	2019-04-06 12:37:21	http://twitter.com/joobylim/status/1114507383043231745	RT @TalbertSwan Remember Kelley Williams-Bolar? She was was convicted of using the wrong residence to get her daughters into a better school district in Ohio than underperforming Akron. She was sentenced to 3 years & ordered to pay $30,000 to the school district. But, #CollegeCheatingScandal https://t.co/yJ1pj1FWOF	@joobylim	jooby lim				Negative	Sadness	Twitter		9303	1254	1037	"RT @TalbertSwan Remember Kelley Williams-Bolar?

She was was convicted of using the wrong residence to get her daughters into a better school district in Ohio than underperforming Akron.

She was sentenced to 3 years & ordered to pay $30,000 to the school district.

But, #CollegeCheatingScandal https://t.co/yJ1pj1FWOF"	Retweet		
1114358519266988032	2019-04-06 02:45:49	http://twitter.com/HellcatLissa/status/1114358519266988032	"RT @TalbertSwan Harvard fencing coach sold his house for 2x its assessed value. The town assessor says, ""it makes no sense."" But it does... A wealthy Maryland businessman purchaed it. His kid was then accepted to Harvard and the fencing team. #CollegeCheatingScandal https://t.co/AgNLAsfmYf"	@HellcatLissa	ü¶áHellcatü¶áLissaü¶á	United States of America			Neutral	Neutral	Twitter		62268	3487	4722	"RT @TalbertSwan Harvard fencing coach sold his house for 2x its assessed value. The town assessor says, ""it makes no sense."" 

But it does...

A wealthy Maryland businessman purchaed it. His kid was then accepted to Harvard and the fencing team.

#CollegeCheatingScandal

https://t.co/AgNLAsfmYf"	Retweet		
1114660077682733057	2019-04-06 22:44:06	http://twitter.com/FugitiveXXX69/status/1114660077682733057	About this whole rich people paying off colleges for their kids now I know what Will Smith was talking about in the movie Suicide Squad where he says if my daughter starts failing College I want you to white people that shit LMAO #CollegeCheatingScandal	@FugitiveXXX69	Mike	United States of America	Michigan	Detroit	Negative	Sadness	Twitter	M	36780	1040	989	About this whole rich people paying off colleges for their kids now I know what Will Smith was talking about in the movie Suicide Squad where he says if my daughter starts failing College I want you to white people that shit LMAO #CollegeCheatingScandal	Tweet		
1114371614542630912	2019-04-06 03:37:51	http://twitter.com/LovToRideMyTrek/status/1114371614542630912	RT @ThePerezHilton I‚Äôm in denial about this too! Do U really think Lori Loughlin will serve any jail time? She‚Äôs rich! She‚Äôs gonna buy her way out this! https://t.co/28VLFBWl5G #FelicityHuffman #CollegeCheatingScandal	@LovToRideMyTrek	I STAND W/YELLOW VESTSüá´üá∑üá®üá¶üá¨üáßüá©üá™üáæüá™WWG1WGA	United States of America	Georgia	Atlanta	Positive	Neutral	Twitter		664521	17191	18925	RT @ThePerezHilton I‚Äôm in denial about this too! Do U really think Lori Loughlin will serve any jail time? She‚Äôs rich! She‚Äôs gonna buy her way out this! https://t.co/28VLFBWl5G #FelicityHuffman #CollegeCheatingScandal	Retweet		
1114643744714838017	2019-04-06 21:39:12	http://twitter.com/SamVSoares/status/1114643744714838017	‚ÄúAbout 55% of Harvard students receive need-based scholarship aid with average grant totals around $53,000‚Äù I wonder how much of the 55% are actually privileged students #operationvarsityblues #CollegeCheatingScandal #college https://t.co/blZqHGcpAM	@SamVSoares	SV	United States of America	Florida	Miami	Neutral	Neutral	Twitter		2106	122	1341	"‚ÄúAbout 55% of Harvard students receive need-based scholarship aid with average grant totals around $53,000‚Äù
I wonder how much of the 55% are actually privileged students #operationvarsityblues #CollegeCheatingScandal #college  https://t.co/blZqHGcpAM"	Tweet		
1114660534891057152	2019-04-06 22:45:55	http://twitter.com/graywolf4143/status/1114660534891057152	@nypost The press should instead give voice to the real victims in this #Collegecheatingscandal - - Honest hardworking students who could not get in because of these cheaters! #Collegeadmissionscandal	@graywolf4143	Gray Wolf				Negative	Sadness	Twitter	M	1411	58	51	@nypost The press should instead give voice to the real victims in this #Collegecheatingscandal - - Honest hardworking students who could not get in because of these cheaters! #Collegeadmissionscandal	Reply		
1114561543784550400	2019-04-06 16:12:34	http://twitter.com/SandiTimmons2/status/1114561543784550400	RT @DMAnews1 10 defendants charged in #CollegeCheatingScandal are released on conditions following initial appearance in federal court in Boston: Caplan, Giannulli, M. & E. Henriquez, Huffman, Isackson, Loughlin, MacFarlane, Wilson, Zadeh	@SandiTimmons2	Sandi Timmons				Neutral	Neutral	Twitter	M	12862	432	297	RT @DMAnews1 10 defendants charged in #CollegeCheatingScandal are released on conditions following initial appearance in federal court in Boston: Caplan, Giannulli, M. & E. Henriquez, Huffman, Isackson, Loughlin, MacFarlane, Wilson, Zadeh	Retweet		
1114666114783502336	2019-04-06 23:08:05	http://twitter.com/SportsEthics/status/1114666114783502336	I really don't care how much in fines and penalties the entitled pay in the #CollegeCheatingScandal I care deeply about the coaches who took money and are screwed. I am angry that their programs never instituted sports ethics training. -- Chuck Gallagher (828) 244-1400 or DM https://t.co/zQfHwk7Hcv	@SportsEthics	SportsEthics				Negative	Anger	Twitter		7699	1472	2974	I really don't care how much in fines and penalties the entitled pay in the #CollegeCheatingScandal I care deeply about the coaches who took money and are screwed. I am angry that their programs never instituted sports ethics training. -- Chuck Gallagher (828) 244-1400 or DM https://t.co/zQfHwk7Hcv	Tweet		
1114603968079044610	2019-04-06 19:01:08	http://twitter.com/rchc13/status/1114603968079044610	RT @RenuBakshi My father drove a forklift at a lumber mill. At times, he worked multiple jobs to feed his family and put his 5 daughters through university. The #CollegeAdmissionsScandal makes me sick and angry on so many levels. #CollegeCheatingScandal	@rchc13	Rant and Reason				Negative	Disgust	Twitter		13800	421	1485	"RT @RenuBakshi My father drove a forklift at a lumber mill. At times, he worked multiple jobs to feed his family and put his 5 daughters through university. The #CollegeAdmissionsScandal makes me sick and angry on so many levels. 
#CollegeCheatingScandal"	Retweet		
1114371079202594816	2019-04-06 03:35:43	http://twitter.com/JoeGaley2/status/1114371079202594816	I need a honest and trustworthy sugar baby ... #Sugardaddies #findsub #sugardaddy #sugardaddyneeded #girlsrock #sugardaddy #college #collges #CollegeSlam #CollegeCheatingScandal #CollegeBasketball #collegenaespn #collegebound #collegetalk #CollegeUndergroundRadio	@JoeGaley2	Joe Galey	Nigeria	Lagos	Lagos	Positive	Unclassified	Twitter	M	193	193	3	"I need a honest and trustworthy sugar baby ...
#Sugardaddies
#findsub 
#sugardaddy 
#sugardaddyneeded 
#girlsrock 
#sugardaddy #college #collges #CollegeSlam #CollegeCheatingScandal #CollegeBasketball #collegenaespn #collegebound #collegetalk #CollegeUndergroundRadio"	Tweet		
1114612854139891712	2019-04-06 19:36:27	http://twitter.com/ForwardBoomer/status/1114612854139891712	RT @BadassTeachersA What happens after rich kids bribe their way into college? A professor at an elite US school says an influx of unskilled & entitled students is monopolizing faculty time: ‚Äòthey will eat you alive‚Äô. https://t.co/vYKSgQdpNY #TBATs #CollegeCheatingScandal @GetUpStandUp2 @WaBATs_ https://t.co/BRUeO2Hmrx	@ForwardBoomer	üáæüá™Forward Boomerüáµüá∑	United States of America			Neutral	Neutral	Twitter		60877	816	335	"RT @BadassTeachersA What happens after rich kids bribe their way into college? 
A professor at an elite US school says an influx of unskilled & entitled students is monopolizing faculty time: ‚Äòthey will eat you alive‚Äô. 
https://t.co/vYKSgQdpNY 
#TBATs #CollegeCheatingScandal @GetUpStandUp2 @WaBATs_ https://t.co/BRUeO2Hmrx"	Retweet		
1114623528542904321	2019-04-06 20:18:52	http://twitter.com/AnishaNYC/status/1114623528542904321	Illuminating article on #tutors by @AndreaGuthmann @chicagotribune I predicted this a decade ago in my novel Schooled #CollegeCheatingScandal https://t.co/5pQ1ugtY1Z	@AnishaNYC	Anisha Lakhani	United States of America	New York	New York	Neutral	Joy	Twitter		2046	1138	1235	Illuminating article on #tutors by @AndreaGuthmann @chicagotribune   I predicted this a decade ago in my novel Schooled #CollegeCheatingScandal https://t.co/5pQ1ugtY1Z	Tweet		
1114483412981702656	2019-04-06 11:02:06	http://twitter.com/ryniguez1/status/1114483412981702656	Read this amazing piece. It's the story of the #rigged college admission scandal. It is mind boggling. The rarified air of the #rich is really polluted in some neighborhoods.#CollegeCheatingScandal #collegeadmissionscandal #Scandal https://t.co/M4IofevFdH https://t.co/M4IofevFdH	@ryniguez1	Renee Yniguez Cotton				Neutral	Neutral	Twitter	F	2266	137	332	Read this amazing piece. It's the story of the #rigged college admission scandal. It is mind boggling. The rarified air of the #rich is really polluted in some neighborhoods.#CollegeCheatingScandal #collegeadmissionscandal #Scandal https://t.co/M4IofevFdH https://t.co/M4IofevFdH	Tweet		
1114531000971857920	2019-04-06 14:11:12	http://twitter.com/smith5_ann/status/1114531000971857920	Where are all the faces and names published of all the parents in the #CollegeCheatingScandal ??!!! I want to see all faces & names. Not just 2.	@smith5_ann	fullemptynestofhumanity	United States of America			Neutral	Unclassified	Twitter		37721	3530	1981	Where are all the faces and names published of all the parents in the #CollegeCheatingScandal ??!!! I want to see all faces & names. Not just 2.	Tweet		
1114507174917619712	2019-04-06 12:36:31	http://twitter.com/sef_robinson/status/1114507174917619712	"RT @themoneycoach I read the 204-page affidavit filed in the #CollegeCheatingScandal. An FBI agent laid out exactly what happened. Here's a summary: 1. This college bribery scam started in 2001 and has NOT YET ENDED. It is described as ""continuing through the present."""	@sef_robinson	Sef Robinson	United States of America	District of Columbia	Washington, D.C.	Negative	Unclassified	Twitter	M	1285	720	814	"RT @themoneycoach I read the 204-page affidavit filed in the #CollegeCheatingScandal. 

An FBI agent laid out exactly what happened. Here's a summary:

1. This college bribery scam started in 2001 and has NOT YET ENDED. 

It is described as ""continuing through the present."""	Retweet		
1114434341424128000	2019-04-06 07:47:06	http://twitter.com/BlissfulBeauty/status/1114434341424128000	RT @gerzekdusmani @SMarsh7818 @DoughertyJC @7News The nerve.The more I read Justin‚Äôs flood about all the parents the more I get angry as a mom. The judge should order them to pay millions to those in need of tuition. #CollegeCheatingScandal	@BlissfulBeauty	99.44% Pure üá∫üá≤ADOS	United States of America	California	Los Angeles	Neutral	Unclassified	Twitter		2635	154	387	RT @gerzekdusmani @SMarsh7818 @DoughertyJC @7News The nerve.The more I read Justin‚Äôs flood about all the parents the more I get angry as a mom. The judge should order them to pay millions to those in need of tuition. #CollegeCheatingScandal	Retweet		
1114565939981426689	2019-04-06 16:30:02	http://twitter.com/BrookingsEcon/status/1114565939981426689	It took 6 years for the fraudulent charity behind the #CollegeCheatingScandal to be caught. Next time, it might be even worse. https://t.co/ZrbkQc9jJr https://t.co/kwniV3bi7q	@BrookingsEcon	Brookings Econ	United States of America	District of Columbia	Washington, D.C.	Negative	Disgust	Twitter		40917	61040	908	It took 6 years for the fraudulent charity behind the #CollegeCheatingScandal to be caught. Next time, it might be even worse. https://t.co/ZrbkQc9jJr https://t.co/kwniV3bi7q	Tweet		
1114628710865485824	2019-04-06 20:39:28	http://twitter.com/arvanat/status/1114628710865485824	RT @BrookingsEcon It took 6 years for the fraudulent charity behind the #CollegeCheatingScandal to be caught. Next time, it might be even worse. https://t.co/ZrbkQc9jJr https://t.co/kwniV3bi7q	@arvanat	natasha arvanitie				Negative	Unclassified	Twitter	F	29359	164	102	RT @BrookingsEcon It took 6 years for the fraudulent charity behind the #CollegeCheatingScandal to be caught. Next time, it might be even worse. https://t.co/ZrbkQc9jJr https://t.co/kwniV3bi7q	Retweet		
1114665586041217026	2019-04-06 23:05:59	http://twitter.com/Yeti2308/status/1114665586041217026	Wouldn't letting the parents off with a fine in regard to the college admissions scandal be like letting rich people buy their way out of jail? If they are worth $60 million a $10k fine would be pointless. #CollegeCheatingScandal at least throw them in one of those fancy prisons.	@Yeti2308	CJ	United States of America	South Carolina	Charleston	Negative	Anger	Twitter	M	3310	220	448	Wouldn't letting the parents off with a fine in regard to the college admissions scandal be like letting rich people buy their way out of jail? If they are worth $60 million a $10k fine would be pointless. #CollegeCheatingScandal at least throw them in one of those fancy prisons.	Tweet		
1114600607321554949	2019-04-06 18:47:47	http://twitter.com/FaithMu70375495/status/1114600607321554949	RT @nstephan9 #CollegeCheatingScandal So the father of the Felicity Huffman's daughters is Frank Gallagher? It all makes sense now. https://t.co/RL8pZOt1zE	@FaithMu70375495	Faith Murphy	United States of America	California		Neutral	Neutral	Twitter	F	250	2	90	RT @nstephan9 #CollegeCheatingScandal So the father of the Felicity Huffman's daughters is Frank Gallagher? It all makes sense now. https://t.co/RL8pZOt1zE	Retweet		
1114316835917266944	2019-04-06 00:00:11	http://twitter.com/amomama_usa/status/1114316835917266944	Lori Loughlin and Felicity Huffman Reportedly May Face a Maximum Sentence of 20 Years in Prison #CollegeCheatingScandal #LoriLoughlin #CollegeAdmissionsScandal #USNEws https://t.co/qbLmBkrP4T	@amomama_usa	AmoMama USA	United States of America	New York	New York	Neutral	Disgust	Twitter		8477	2458	102	"Lori Loughlin and Felicity Huffman Reportedly May Face a Maximum Sentence of 20 Years in Prison 
#CollegeCheatingScandal #LoriLoughlin #CollegeAdmissionsScandal #USNEws 
https://t.co/qbLmBkrP4T"	Tweet		
1114632793533730816	2019-04-06 20:55:41	http://twitter.com/ArchitectureGS/status/1114632793533730816	Lori Laughlin Creepy Behavior Shows She has NO Remorse For Her Criminal Acts + Probably Plans to Buy Justice. #tech #Entertainment ‚Å¶@TheJusticeDept‚Å© #education #hollywood #CollegeCheatingScandal #women #metoo #startup @netflix #US #media ‚Å¶‚Å¶ https://t.co/jJUgYVNMTg	@ArchitectureGS	GS-Architecture	United States of America	California	Los Angeles	Neutral	Neutral	Twitter		36710	781	399	"Lori Laughlin Creepy Behavior Shows She has NO Remorse For Her Criminal Acts + Probably Plans to Buy Justice. #tech #Entertainment
‚Å¶@TheJusticeDept‚Å© #education #hollywood #CollegeCheatingScandal #women #metoo #startup @netflix #US #media ‚Å¶‚Å¶ https://t.co/jJUgYVNMTg"	Tweet		
1114576835164110854	2019-04-06 17:13:19	http://twitter.com/Miz_Rosenberg/status/1114576835164110854	As some guilty pleas come in the #CollegeCheatingScandal, I am still not over it, in case anyone is wondering https://t.co/EGDK1f46yK	@Miz_Rosenberg	Ms. Rosenberg				Neutral	Neutral	Twitter		62814	2268	1655	As some guilty pleas come in the #CollegeCheatingScandal, I am still not over it, in case anyone is wondering https://t.co/EGDK1f46yK	Tweet		
1114425341915926529	2019-04-06 07:11:21	http://twitter.com/BoredRoomComedy/status/1114425341915926529	Lori Loughlin in Prison sings the open lyrics to Full House Whatever happened to predictability. The milkman, the paperboy, evening tv? How did I get to living here? Somebody tell me please! #fullhouse #CollegeAdmissionsScandal #CollegeCheatingScandal	@BoredRoomComedy	Vikram Poddar	India	Maharashtra	Mumbai	Neutral	Unclassified	Twitter	M	3681	1706	487	"Lori Loughlin in Prison sings the open lyrics to Full House 
Whatever happened to predictability. 
The milkman, the paperboy, evening tv? 
How did I get to living here? 
Somebody tell me please!
#fullhouse #CollegeAdmissionsScandal #CollegeCheatingScandal"	Tweet		
1114351946176040960	2019-04-06 02:19:42	http://twitter.com/makemebelieve1/status/1114351946176040960	"RT @TalbertSwan Harvard fencing coach sold his house for 2x its assessed value. The town assessor says, ""it makes no sense."" But it does... A wealthy Maryland businessman purchaed it. His kid was then accepted to Harvard and the fencing team. #CollegeCheatingScandal https://t.co/AgNLAsfmYf"	@makemebelieve1	Ellen Simone	Canada	Ontario		Neutral	Neutral	Twitter	F	123925	1046	249	"RT @TalbertSwan Harvard fencing coach sold his house for 2x its assessed value. The town assessor says, ""it makes no sense."" 

But it does...

A wealthy Maryland businessman purchaed it. His kid was then accepted to Harvard and the fencing team.

#CollegeCheatingScandal

https://t.co/AgNLAsfmYf"	Retweet		
1114568680002740224	2019-04-06 16:40:55	http://twitter.com/sipnsharewinery/status/1114568680002740224	RT @BYP_100 When you read about Lori Loughlin and Felicity Huffman, remember Tonya McDowell, a Black mom from Connecticut who spent 2012-2017 in jail for lying about her address to send her kindergartener to a better school. The whole damn system is guilty. #CollegeCheatingScandal https://t.co/Ns1J2X90Ox	@sipnsharewinery	Sip & Share Wineryüç∑	United States of America	Indiana	Indianapolis	Negative	Neutral	Twitter		7393	974	807	"RT @BYP_100 When you read about Lori Loughlin and Felicity Huffman, remember Tonya McDowell, a Black mom from Connecticut who spent 2012-2017 in jail for lying about her address to send her kindergartener to a better school. The whole damn system is guilty. 

#CollegeCheatingScandal https://t.co/Ns1J2X90Ox"	Retweet		
1114549042011361280	2019-04-06 15:22:53	http://twitter.com/yazcash/status/1114549042011361280	RT @BYP_100 When you read about Lori Loughlin and Felicity Huffman, remember Tonya McDowell, a Black mom from Connecticut who spent 2012-2017 in jail for lying about her address to send her kindergartener to a better school. The whole damn system is guilty. #CollegeCheatingScandal https://t.co/Ns1J2X90Ox	@yazcash	yas				Negative	Neutral	Twitter		6179	271	304	"RT @BYP_100 When you read about Lori Loughlin and Felicity Huffman, remember Tonya McDowell, a Black mom from Connecticut who spent 2012-2017 in jail for lying about her address to send her kindergartener to a better school. The whole damn system is guilty. 

#CollegeCheatingScandal https://t.co/Ns1J2X90Ox"	Retweet		
1114512553906978816	2019-04-06 12:57:54	http://twitter.com/AffordPrep/status/1114512553906978816	No Tutor, No Problem: Leveling the College Admissions Process - https://t.co/WEzpcuwjHt #collegeplanning #collegecheatingscandal	@AffordPrep	AffordCollegePrep	United States of America	Florida		Neutral	Neutral	Twitter		665	244	150	"No Tutor, No Problem: Leveling the College Admissions Process - https://t.co/WEzpcuwjHt 
#collegeplanning #collegecheatingscandal"	Tweet		
1114545794022105088	2019-04-06 15:09:59	http://twitter.com/annie_areu_okay/status/1114545794022105088	RT @BYP_100 When you read about Lori Loughlin and Felicity Huffman, remember Tonya McDowell, a Black mom from Connecticut who spent 2012-2017 in jail for lying about her address to send her kindergartener to a better school. The whole damn system is guilty. #CollegeCheatingScandal https://t.co/Ns1J2X90Ox	@annie_areu_okay	Annie?	United States of America	New York	New York	Negative	Neutral	Twitter	F	2580	243	210	"RT @BYP_100 When you read about Lori Loughlin and Felicity Huffman, remember Tonya McDowell, a Black mom from Connecticut who spent 2012-2017 in jail for lying about her address to send her kindergartener to a better school. The whole damn system is guilty. 

#CollegeCheatingScandal https://t.co/Ns1J2X90Ox"	Retweet		
1114359989601173504	2019-04-06 02:51:39	http://twitter.com/Cabodude0305/status/1114359989601173504	RT @Cimarron_Ranch Knew never seeing a soccer ball as a kid would finally pay off. Now I can play for Yale on a full scholarship. #YaleSoccerScandal #CollegeCheatingScandal #collegeadmissionsscandal	@Cabodude0305	Jake the Snake				Positive	Joy	Twitter	M	20895	557	305	"RT @Cimarron_Ranch Knew never seeing a soccer ball as a kid would finally pay off. 
Now I can play for Yale on a full scholarship. 
#YaleSoccerScandal #CollegeCheatingScandal #collegeadmissionsscandal"	Retweet		
1114437423231115264	2019-04-06 07:59:21	http://twitter.com/Daddyma19339879/status/1114437423231115264	I'm seriously in need of trust and God fear responsible personal assistant that gonna take care of all my responsibility on my behalf.... Incase you are interested dm or Rt #findom #canadacannabis #CollegeStudent #CollectionDay #CollegeCheatingScandal #CollegeAdmissionsScandal	@Daddyma19339879	Daddymark	United States of America	Texas		Neutral	Fear	Twitter		3	0	2	"I'm seriously in need of trust and God fear responsible personal assistant that gonna take care of all my responsibility on my behalf.... Incase you are interested dm or Rt
#findom 
#canadacannabis 
#CollegeStudent #CollectionDay #CollegeCheatingScandal #CollegeAdmissionsScandal"	Tweet		
1114561391657193475	2019-04-06 16:11:57	http://twitter.com/mysticrose29/status/1114561391657193475	Very good, #longread on the #collegeadmissionscandal / #CollegeCheatingScandal	@mysticrose29	Carly	United States of America	Florida		Positive	Joy	Twitter	F	9903	2091	4218	Very good, #longread on the #collegeadmissionscandal / #CollegeCheatingScandal	Tweet		
1114334062603161601	2019-04-06 01:08:38	http://twitter.com/UnasVeritas/status/1114334062603161601	RT @M2Madness This is what BIG BIG BIG HAPPENINGS looks like... Ohr/Page/Strzok/Steele transcripts released Nunes sues Twitter, says more coming WaPo/CNN lawsuits #CollegeCheatingScandal Weissman steps down from Mueller's team Solid proof that No Name was spreading the Dossier Comfy AF. üòé https://t.co/twufo3E1sp	@UnasVeritas	Marcus Quidam	United States of America			Neutral	Neutral	Twitter	M	150285	4103	4898	"RT @M2Madness This is what BIG BIG BIG HAPPENINGS looks like...

Ohr/Page/Strzok/Steele transcripts released
Nunes sues Twitter, says more coming
WaPo/CNN lawsuits
#CollegeCheatingScandal
Weissman steps down from Mueller's team
Solid proof that No Name was spreading the Dossier

Comfy AF. üòé https://t.co/twufo3E1sp"	Retweet		
1114393790427451392	2019-04-06 05:05:58	http://twitter.com/DenverAAICD/status/1114393790427451392	RT @BYP_100 When you read about Lori Loughlin and Felicity Huffman, remember Tonya McDowell, a Black mom from Connecticut who spent 2012-2017 in jail for lying about her address to send her kindergartener to a better school. The whole damn system is guilty. #CollegeCheatingScandal https://t.co/Ns1J2X90Ox	@DenverAAICD	African American Initiative of Colorado Democrats	United States of America	Colorado		Negative	Neutral	Twitter		1894	584	586	"RT @BYP_100 When you read about Lori Loughlin and Felicity Huffman, remember Tonya McDowell, a Black mom from Connecticut who spent 2012-2017 in jail for lying about her address to send her kindergartener to a better school. The whole damn system is guilty. 

#CollegeCheatingScandal https://t.co/Ns1J2X90Ox"	Retweet		
1114540165324840960	2019-04-06 14:47:37	http://twitter.com/PresidentEvil45/status/1114540165324840960	@EdKrassen @HillReporter Because that's what innocent people do. Sounds about white, right? #WhitePrivilege #CollegeCheatingScandal	@PresidentEvil45	2020: Our Last Hope!	United States of America	Florida		Neutral	Disgust	Twitter		33772	743	101	"@EdKrassen @HillReporter Because that's what innocent people do. Sounds about white, right? 
#WhitePrivilege 
#CollegeCheatingScandal"	Reply		
1114609217325789185	2019-04-06 19:22:00	http://twitter.com/GetUpStandUp2/status/1114609217325789185	RT @BadassTeachersA What happens after rich kids bribe their way into college? A professor at an elite US school says an influx of unskilled & entitled students is monopolizing faculty time: ‚Äòthey will eat you alive‚Äô. https://t.co/vYKSgQdpNY #TBATs #CollegeCheatingScandal @GetUpStandUp2 @WaBATs_ https://t.co/BRUeO2Hmrx	@GetUpStandUp2	Susan DuFresne	United States of America	District of Columbia	Washington, D.C.	Neutral	Neutral	Twitter	F	184555	8235	8180	"RT @BadassTeachersA What happens after rich kids bribe their way into college? 
A professor at an elite US school says an influx of unskilled & entitled students is monopolizing faculty time: ‚Äòthey will eat you alive‚Äô. 
https://t.co/vYKSgQdpNY 
#TBATs #CollegeCheatingScandal @GetUpStandUp2 @WaBATs_ https://t.co/BRUeO2Hmrx"	Retweet		
1114666962410459137	2019-04-06 23:11:28	http://twitter.com/MermaidsMatter/status/1114666962410459137	I‚Äôm no expert, but I‚Äôm pretty sure @oliviajadee needs to stop talking. There is no brat more spoiled ü§¶üèª‚Äç‚ôÄÔ∏è #CollegeCheatingScandal #VarsityBlues	@MermaidsMatter	Rae	United States of America			Positive	Anger	Twitter		1541	49	65	I‚Äôm no expert, but I‚Äôm pretty sure @oliviajadee needs to stop talking. There is no brat more spoiled ü§¶üèª‚Äç‚ôÄÔ∏è #CollegeCheatingScandal #VarsityBlues	Tweet		
1114649933196427269	2019-04-06 22:03:47	http://twitter.com/JesseGo33449537/status/1114649933196427269	RT @lauernsig they looked like they saw a ghost when john said that shit üíÄ #CollegeCheatingScandal https://t.co/pCzd1TWryP	@JesseGo33449537	Jesse Gonzalez				Negative	Fear	Twitter	M	60	1	162	"RT @lauernsig they looked like they saw a ghost when john said that shit üíÄ 
#CollegeCheatingScandal https://t.co/pCzd1TWryP"	Retweet		
1114632824311521280	2019-04-06 20:55:48	http://twitter.com/StartupsBot/status/1114632824311521280	RT @ArchitectureGS Lori Laughlin Creepy Behavior Shows She has NO Remorse For Her Criminal Acts + Probably Plans to Buy Justice. #tech #Entertainment ‚Å¶@TheJusticeDept‚Å© #education #hollywood #CollegeCheatingScandal #women #metoo #startup @netflix #US #media ‚Å¶‚Å¶ https://t.co/jJUgYVNMTg	@StartupsBot	Startup Feeds	United States of America	California	San Francisco	Neutral	Neutral	Twitter		553982	3330	0	"RT @ArchitectureGS Lori Laughlin Creepy Behavior Shows She has NO Remorse For Her Criminal Acts + Probably Plans to Buy Justice. #tech #Entertainment
‚Å¶@TheJusticeDept‚Å© #education #hollywood #CollegeCheatingScandal #women #metoo #startup @netflix #US #media ‚Å¶‚Å¶ https://t.co/jJUgYVNMTg"	Retweet		
1114416351932833793	2019-04-06 06:35:37	http://twitter.com/SRGnationwide/status/1114416351932833793	RT @ClintEastwoodLA Hopefully, you will be sharing a jail cell with Crooked @HillaryClinton real soon, Felicity. How's it hanging, Bill? @WilliamHMacy Birds of a feather. #CollegeCheatingScandal #OperationVarsityBlues #collegeadmissionsscandal https://t.co/JSW6F5bBNe	@SRGnationwide	üá∫üá∏ SRG üá∫üá∏	United States of America			Neutral	Neutral	Twitter		88682	7246	7237	"RT @ClintEastwoodLA Hopefully, you will be sharing a jail cell with Crooked @HillaryClinton real soon, Felicity. 

How's it hanging, Bill? @WilliamHMacy

Birds of a feather. 

#CollegeCheatingScandal #OperationVarsityBlues #collegeadmissionsscandal https://t.co/JSW6F5bBNe"	Retweet		
1114511886136086528	2019-04-06 12:55:14	http://twitter.com/rcfl290/status/1114511886136086528	@people Martha Stewart went. They might go too, and they should. Depends upon the judge. #CollegeCheatingScandal #godirectlytojail	@rcfl290	RCFL	United States of America	Massachusetts	Boston	Positive	Neutral	Twitter		531	5	65	@people Martha Stewart went. They might go too, and they should. Depends upon the judge. #CollegeCheatingScandal #godirectlytojail	Reply		
1114536651362054145	2019-04-06 14:33:39	http://twitter.com/Brightly50/status/1114536651362054145	#CollegeCheatingScandal #collegeadmissionscandal Lori Loughlin Reportedly Facing Nearly 4 Years In Prison, While Felicity Huffman Faces 2 Years https://t.co/BEJ6UqCv7O	@Brightly50	Formerly Brightly5				Neutral	Unclassified	Twitter		64943	1356	1243	#CollegeCheatingScandal #collegeadmissionscandal  Lori Loughlin Reportedly Facing Nearly 4 Years In Prison, While Felicity Huffman Faces 2 Years https://t.co/BEJ6UqCv7O	Tweet		
1114365813669212160	2019-04-06 03:14:48	http://twitter.com/SunkissesKay/status/1114365813669212160	"RT @TalbertSwan Harvard fencing coach sold his house for 2x its assessed value. The town assessor says, ""it makes no sense."" But it does... A wealthy Maryland businessman purchaed it. His kid was then accepted to Harvard and the fencing team. #CollegeCheatingScandal https://t.co/AgNLAsfmYf"	@SunkissesKay	Kadegra Francis				Neutral	Neutral	Twitter	M	2678	29	251	"RT @TalbertSwan Harvard fencing coach sold his house for 2x its assessed value. The town assessor says, ""it makes no sense."" 

But it does...

A wealthy Maryland businessman purchaed it. His kid was then accepted to Harvard and the fencing team.

#CollegeCheatingScandal

https://t.co/AgNLAsfmYf"	Retweet		
1114539091851390976	2019-04-06 14:43:21	http://twitter.com/AliceDedonato/status/1114539091851390976	46 1888 GREEN NEW DEAL Tom Green Clemsonüçî LAND GRANT #SouthCarolina Ice SCREAM üò± #SaturdayMorning #CollegeCheatingScandal #McDonalds #TrumpCrimeSyndicate #NYC #Bronx @FordhamAlumni	@AliceDedonato	Alice DeDonato				Positive	Neutral	Twitter	F	640	0	0	"46 1888
GREEN NEW DEAL
Tom Green Clemsonüçî
LAND GRANT #SouthCarolina 
Ice SCREAM üò±
#SaturdayMorning  #CollegeCheatingScandal #McDonalds #TrumpCrimeSyndicate #NYC #Bronx 
@FordhamAlumni"	Tweet		
1114642694339317760	2019-04-06 21:35:02	http://twitter.com/CityofTwoRivers/status/1114642694339317760	What do the Adult children have to say about this? Will they take a fall too? I hope so. #CollegeCheatingScandal #CollegeAdmissionsScandal #PrisonTime #NoHouseArrest https://t.co/FPSpAZv76V	@CityofTwoRivers	City of Two Rivers	United States of America	California	Sacramento	Neutral	Fear	Twitter		208310	5847	5845	"What do the Adult children have to say about this?

Will they take a fall too?  I hope so.

#CollegeCheatingScandal 
#CollegeAdmissionsScandal 
#PrisonTime #NoHouseArrest

https://t.co/FPSpAZv76V"	Tweet		
1114504126719844352	2019-04-06 12:24:24	http://twitter.com/poeboston/status/1114504126719844352	Students‚Äô inside joke about college admission scandal goes viral https://t.co/U5RcQHi4eT via @BeaconUpdate > #bospoli #mapoli #MAedu #CollegeCheatingScandal @EmersonCollege	@poeboston	Dan Currie	United States of America	Massachusetts	Boston	Neutral	Neutral	Twitter	M	58741	1566	1395	Students‚Äô inside joke about college admission scandal goes viral https://t.co/U5RcQHi4eT via @BeaconUpdate > #bospoli #mapoli #MAedu #CollegeCheatingScandal @EmersonCollege	Tweet		
1114539325683671040	2019-04-06 14:44:17	http://twitter.com/EngBreakfastTea/status/1114539325683671040	RT @THR Despite being shot long before the #CollegeCheatingScandal broke, @oliviawilde's new movie addresses the controversy head on https://t.co/lV0A53cmKw https://t.co/518UBbbR8U	@EngBreakfastTea	ÏûâÌçº‚òïÔ∏è	South Korea			Neutral	Neutral	Twitter		109326	1880	90	RT @THR Despite being shot long before the #CollegeCheatingScandal broke, @oliviawilde's new movie addresses the controversy head on https://t.co/lV0A53cmKw https://t.co/518UBbbR8U	Retweet		
1114587230738309120	2019-04-06 17:54:38	http://twitter.com/NaomiFrances1/status/1114587230738309120	‚ÄúMy immediate goal to focus on making amends for actions to win back trust & respect of my daughter, family, & community, lawyer contd. Remorse & shame more than I can convey. https://t.co/fxucGUsXy0 #CollegeCheatingScandal @realDonaldTrump @RealJamesWoods	@NaomiFrances1	Naomi Frances	United States of America			Positive	Joy	Twitter	F	24243	293	301	"‚ÄúMy immediate goal to focus on making amends for actions to win back trust & respect of my daughter, family, & community, lawyer contd. 
Remorse & shame more than I can convey.

https://t.co/fxucGUsXy0

#CollegeCheatingScandal @realDonaldTrump @RealJamesWoods"	Reply		
1114671573699584001	2019-04-06 23:29:47	http://twitter.com/ucandoit99/status/1114671573699584001	RT @TalbertSwan Remember Tanya McDowell? She got 12 yrs for sending her 6 yr old son to Norwalk CT‚Äôs Brookside Elementary School while she ‚Äòlived‚Äô in Bridgeport, even though she was homeless. She was convicted of 1st-degree larceny for ‚Äústealing‚Äú an education. But, #CollegeCheatingScandal https://t.co/sDnGLHlxwk	@ucandoit99	jordan burke	United States of America	Illinois	Chicago	Neutral	Sadness	Twitter	M	9049	296	622	"RT @TalbertSwan Remember Tanya McDowell?

She got 12 yrs for sending her 6 yr old son to Norwalk CT‚Äôs Brookside Elementary School while she ‚Äòlived‚Äô in Bridgeport, even though she was homeless. 

She was convicted of 1st-degree larceny for ‚Äústealing‚Äú an education.

But, #CollegeCheatingScandal https://t.co/sDnGLHlxwk"	Retweet		
1114610785312022528	2019-04-06 19:28:14	http://twitter.com/lauragloc/status/1114610785312022528	"No one should be surprised by the #CollegeAdmissionsScandal. The wealthy have been buying their way into American institutions since time immemorial. Then they have the nerve to say to our poor kids, ""Work hard and you'll achieve your dreams."" #AuntBecky #CollegeCheatingScandal"	@lauragloc	Laura Plummer	United States of America	Massachusetts		Negative	Unclassified	Twitter	F	67	8	34	"No one should be surprised by the #CollegeAdmissionsScandal. The wealthy have been buying their way into American institutions since time immemorial. Then they have the nerve to say to our poor kids, ""Work hard and you'll achieve your dreams."" #AuntBecky #CollegeCheatingScandal"	Tweet		
1114424219792596992	2019-04-06 07:06:53	http://twitter.com/BlissfulBeauty/status/1114424219792596992	"RT @DoughertyJC Prosecutors say the couple emailed the mastermind extensively about ""the game plan."" In one email Mossimo wrote Singer,""I have some concerns and want to fully understand the game plan and make sure we have a roadmap for success..."" #CollegeCheatingScandal #7News"	@BlissfulBeauty	99.44% Pure üá∫üá≤ADOS	United States of America	California	Los Angeles	Positive	Neutral	Twitter		2590	154	387	"RT @DoughertyJC Prosecutors say the couple emailed the mastermind extensively about ""the game plan."" In one email Mossimo wrote Singer,""I have some concerns and want to fully understand the game plan and make sure we have a roadmap for success..."" #CollegeCheatingScandal #7News"	Retweet		
1114427849375535104	2019-04-06 07:21:19	http://twitter.com/BlissfulBeauty/status/1114427849375535104	"RT @DoughertyJC Prosecutors say Singer was so 'helpful' with his clients, Loughlin emailed Singer and said her daughter was ""confused"" on the application process as a ""recruited athlete."" Singer then had an employee finish the app for her daughter. #CollegeCheatingScandal #7News"	@BlissfulBeauty	99.44% Pure üá∫üá≤ADOS	United States of America	California	Los Angeles	Neutral	Unclassified	Twitter		2592	154	387	"RT @DoughertyJC Prosecutors say Singer was so 'helpful' with his clients, Loughlin emailed Singer and said her daughter was ""confused"" on the application process as a ""recruited athlete."" Singer then had an employee finish the app for her daughter. #CollegeCheatingScandal #7News"	Retweet		
1114594072428273666	2019-04-06 18:21:49	http://twitter.com/mingcomisji/status/1114594072428273666	RT @FishingGirl29 This is just another example of how money talks. The world we live in is spinning on greed and lust! We,as a nation, need to come together before it‚Äôs too late! #CollegeCheatingScandal	@mingcomisji	Gertie Haylee				Positive	Sadness	Twitter	F	61	5	16	RT @FishingGirl29 This is just another example of how money talks. The world we live in is spinning on greed and lust! We,as a nation, need to come together before it‚Äôs too late! #CollegeCheatingScandal	Retweet		
1114383049125326848	2019-04-06 04:23:17	http://twitter.com/judelf/status/1114383049125326848	"RT @TalbertSwan Harvard fencing coach sold his house for 2x its assessed value. The town assessor says, ""it makes no sense."" But it does... A wealthy Maryland businessman purchaed it. His kid was then accepted to Harvard and the fencing team. #CollegeCheatingScandal https://t.co/AgNLAsfmYf"	@judelf	judelf				Neutral	Neutral	Twitter		4297	36	50	"RT @TalbertSwan Harvard fencing coach sold his house for 2x its assessed value. The town assessor says, ""it makes no sense."" 

But it does...

A wealthy Maryland businessman purchaed it. His kid was then accepted to Harvard and the fencing team.

#CollegeCheatingScandal

https://t.co/AgNLAsfmYf"	Retweet		
1114497914804604928	2019-04-06 11:59:43	http://twitter.com/MarkopoloXYZ/status/1114497914804604928	RT @TalbertSwan Remember Tanya McDowell? She got 12 yrs for sending her 6 yr old son to Norwalk CT‚Äôs Brookside Elementary School while she ‚Äòlived‚Äô in Bridgeport, even though she was homeless. She was convicted of 1st-degree larceny for ‚Äústealing‚Äú an education. But, #CollegeCheatingScandal https://t.co/sDnGLHlxwk	@MarkopoloXYZ	Marke	United States of America			Neutral	Sadness	Twitter		83529	5711	5891	"RT @TalbertSwan Remember Tanya McDowell?

She got 12 yrs for sending her 6 yr old son to Norwalk CT‚Äôs Brookside Elementary School while she ‚Äòlived‚Äô in Bridgeport, even though she was homeless. 

She was convicted of 1st-degree larceny for ‚Äústealing‚Äú an education.

But, #CollegeCheatingScandal https://t.co/sDnGLHlxwk"	Retweet		
1114536009197412352	2019-04-06 14:31:06	http://twitter.com/LGKITTEN/status/1114536009197412352	RT @blackagnes1969 When your shoes have holes but you're trying to come up with tuition for your son who's academically gifted but we're not even middle class, it's duct tape and black markers to stretch your $. Next we'll see about my leaky roof. @3M #CollegeCheatingScandal https://t.co/FRFUeU6hu7	@LGKITTEN	BaRbiE VoN TrUmP üêá	Indonesia			Negative	Anger	Twitter	F	153146	5464	5379	"RT @blackagnes1969 When your shoes have holes but you're trying to come up with tuition for your son who's academically gifted but we're not even middle class, it's duct tape and black markers to stretch your $. Next we'll see about my leaky roof.
@3M
#CollegeCheatingScandal https://t.co/FRFUeU6hu7"	Retweet		
1114343727617708033	2019-04-06 01:47:02	http://twitter.com/Vincent52136073/status/1114343727617708033	I need a honest and trustworthy sugar baby ... 6193207340 #Sugardaddies #findsub #sugardaddy #sugardaddyneeded #girlsrock #sugardaddy #college #collges #CollegeSlam #CollegeCheatingScandal #CollegeBasketball #collegenaespn #collegebound #collegetalk #CollegeUndergroundRadio https://t.co/pXaT02i2Eo	@Vincent52136073	Vincent				Positive	Neutral	Twitter	M	19	48	5	"I need a honest and trustworthy sugar baby ... 6193207340
#Sugardaddies
#findsub 
#sugardaddy 
#sugardaddyneeded 
#girlsrock 
#sugardaddy #college #collges #CollegeSlam #CollegeCheatingScandal #CollegeBasketball #collegenaespn #collegebound #collegetalk #CollegeUndergroundRadio https://t.co/pXaT02i2Eo"	Tweet		
1114658133547409408	2019-04-06 22:36:23	http://twitter.com/becketts_castle/status/1114658133547409408	Am I really the only one who sympathizes with #FelicityHuffman? Considering that not even @EvaLongoria has any contact with her and all the people she loves stay away from her, I find that a shame. Who is the real culprit? üò™ @WilliamHMacy @FelicityHuffman #CollegeCheatingScandal https://t.co/1V5GXMa3pk	@becketts_castle	Lynette	Germany			Negative	Disgust	Twitter	F	1936	464	259	Am I really the only one who sympathizes with #FelicityHuffman? Considering that not even @EvaLongoria has any contact with her and all the people she loves stay away from her, I find that a shame. Who is the real culprit? üò™ @WilliamHMacy @FelicityHuffman #CollegeCheatingScandal https://t.co/1V5GXMa3pk	Tweet		
1114641276777844737	2019-04-06 21:29:24	http://twitter.com/rengongdoo/status/1114641276777844737	In the aftermath of the #CollegeCheatingScandal does the movie Billy Madison feel more like a work of creative nonfiction to anyone else?	@rengongdoo	Ren	United States of America	California		Neutral	Unclassified	Twitter		118	38	417	In the aftermath of the #CollegeCheatingScandal does the movie Billy Madison feel more like a work of creative nonfiction to anyone else?	Tweet		
1114429648610291712	2019-04-06 07:28:27	http://twitter.com/18AKGOYAL/status/1114429648610291712	RT @CNNOpinion As the #FinalFour approaches and the #CollegeCheatingScandal continues, @abigailseldin says now is the time to challenge the costs of college https://t.co/qPb4ULouZi	@18AKGOYAL	ASHWANI KUMAR GOYAL				Neutral	Neutral	Twitter		269330	334	2103	RT @CNNOpinion As the #FinalFour approaches and the #CollegeCheatingScandal continues, @abigailseldin says now is the time to challenge the costs of college https://t.co/qPb4ULouZi	Retweet		
1114543144656416768	2019-04-06 14:59:27	http://twitter.com/BristolTisha/status/1114543144656416768	RT @ThePerezHilton I‚Äôm in denial about this too! Do U really think Lori Loughlin will serve any jail time? She‚Äôs rich! She‚Äôs gonna buy her way out this! https://t.co/28VLFBWl5G #FelicityHuffman #CollegeCheatingScandal	@BristolTisha	Tisha bristol				Positive	Neutral	Twitter	F	96	13	109	RT @ThePerezHilton I‚Äôm in denial about this too! Do U really think Lori Loughlin will serve any jail time? She‚Äôs rich! She‚Äôs gonna buy her way out this! https://t.co/28VLFBWl5G #FelicityHuffman #CollegeCheatingScandal	Retweet		
1114471583668744192	2019-04-06 10:15:06	http://twitter.com/countzpr/status/1114471583668744192	Sephora Cuts Ties With Lori Loughlin‚Äôs Daughter Olivia Jade Over College Cheating Scandal https://t.co/x8LBMuHZZI #collegecheatingscandal #isabelljade #oliviajade #USC #loriloughlin #collegebribary #mossimogiannulli #gossip #entertainmentnews #scandal #news	@countzpr	Countz Lifestyle	United States of America	Hawaii		Neutral	Neutral	Twitter		22245	6153	284	"Sephora Cuts Ties With Lori Loughlin‚Äôs Daughter Olivia Jade Over College Cheating Scandal

https://t.co/x8LBMuHZZI
#collegecheatingscandal #isabelljade #oliviajade #USC #loriloughlin #collegebribary #mossimogiannulli #gossip #entertainmentnews #scandal #news"	Tweet		
1114601641813131265	2019-04-06 18:51:54	http://twitter.com/CaliBats/status/1114601641813131265	RT @CaliBats The not-so-hidden benefits of wealth & whiteness can't be ignored and must be addressed. https://t.co/NcaoC1BzUr #TBATs #CollegeCheatingScandal @BadassTeachersA #WeChoose @J4J_USA https://t.co/jt8DUXkzTd	@CaliBats	Cali Bats	United States of America	California		Neutral	Neutral	Twitter	F	3413	992	203	RT @CaliBats The not-so-hidden benefits of wealth & whiteness can't be ignored and must be addressed. https://t.co/NcaoC1BzUr #TBATs #CollegeCheatingScandal @BadassTeachersA #WeChoose @J4J_USA https://t.co/jt8DUXkzTd	Retweet		
1114332195127222273	2019-04-06 01:01:13	http://twitter.com/Foresightguru/status/1114332195127222273	If a parent bribes college officials to get their kid into the dream school It is disabling, harmful, detrimental and unhealthy for the kid! #LeadershipMatters #CollegeAdmissionsScandal #CollegeCheatingScandal	@Foresightguru	Foresight				Negative	Unclassified	Twitter		1326	139	523	"If a parent bribes college officials to get their kid into the dream school

It is disabling, harmful, detrimental and unhealthy for the kid! 

#LeadershipMatters #CollegeAdmissionsScandal #CollegeCheatingScandal"	Tweet		
1114362883238965248	2019-04-06 03:03:09	http://twitter.com/Cabodude0305/status/1114362883238965248	RT @Cimarron_Ranch I guess my grand scheme to pick up cans by the side of the road so I can bribe my way into Stanford is shot to Hell now. #CollegeAdmissionsScandal #CollegeCheatingScandal #LoriLoughlin	@Cabodude0305	Jake the Snake				Negative	Unclassified	Twitter	M	20902	557	305	"RT @Cimarron_Ranch I guess my grand scheme to pick up cans by the side of the road so I can bribe my way into Stanford is shot to Hell now.
#CollegeAdmissionsScandal #CollegeCheatingScandal #LoriLoughlin"	Retweet		
1114416290301644800	2019-04-06 06:35:23	http://twitter.com/SRGnationwide/status/1114416290301644800	RT @ClintEastwoodLA üö´ I see @FelicityHuffman deleted her Twitter account. She's not as #Shameless as @WilliamHMacy is. That's why I screenshot everything. You can hide, but you can't run. #CollegeCheatingScandal #OperationVarsityBlues Shame on you #FelicityHuffMan cc @annwschmidt @FoxNews https://t.co/68Inu6fSVz	@SRGnationwide	üá∫üá∏ SRG üá∫üá∏	United States of America			Neutral	Sadness	Twitter		88679	7246	7237	"RT @ClintEastwoodLA üö´

I see @FelicityHuffman deleted her Twitter account. 

She's not as #Shameless as @WilliamHMacy is.

That's why I screenshot everything. You can hide, but you can't run. 

#CollegeCheatingScandal #OperationVarsityBlues Shame on you #FelicityHuffMan 

cc @annwschmidt @FoxNews https://t.co/68Inu6fSVz"	Retweet		
1114472024250908672	2019-04-06 10:16:51	http://twitter.com/ryniguez1/status/1114472024250908672	Read this amazing piece. It tells the story of the #rigged college admission scandal that is mind boggling. The ratified air of the #rich is really polluted in some neighborhoods. #CollegeCheatingScandal #Scandal #collegeadmissionscandal #entitled https://t.co/M4IofevFdH	@ryniguez1	Renee Yniguez Cotton				Neutral	Unclassified	Twitter	F	2262	137	331	Read this amazing piece. It tells the story of the #rigged college admission scandal that is mind boggling. The ratified air of the #rich is really polluted in some neighborhoods. #CollegeCheatingScandal #Scandal #collegeadmissionscandal #entitled  https://t.co/M4IofevFdH	Tweet		
1114359623069229056	2019-04-06 02:50:12	http://twitter.com/Ronnie_XXIII/status/1114359623069229056	"RT @TalbertSwan Harvard fencing coach sold his house for 2x its assessed value. The town assessor says, ""it makes no sense."" But it does... A wealthy Maryland businessman purchaed it. His kid was then accepted to Harvard and the fencing team. #CollegeCheatingScandal https://t.co/AgNLAsfmYf"	@Ronnie_XXIII	Ron				Neutral	Neutral	Twitter	M	66383	1764	2169	"RT @TalbertSwan Harvard fencing coach sold his house for 2x its assessed value. The town assessor says, ""it makes no sense."" 

But it does...

A wealthy Maryland businessman purchaed it. His kid was then accepted to Harvard and the fencing team.

#CollegeCheatingScandal

https://t.co/AgNLAsfmYf"	Retweet		
1114566299336749056	2019-04-06 16:31:28	http://twitter.com/Telly2111/status/1114566299336749056	RT @IslamRizza Cheating has ALWAYS BEEN the Europeans M.O in order to look superior! Their bribing & manipulating schools is an admission that they KNOW how UNINTELLIGENT their children are and how INTELLIGENT OUR children are! Give a fair shot & watch the results! #CollegeCheatingScandal	@Telly2111	Te‚Ñì‚Ñìy				Neutral	Sadness	Twitter	M	14253	268	614	RT @IslamRizza Cheating has ALWAYS BEEN the Europeans M.O in order to look superior! Their bribing & manipulating schools is an admission that they KNOW how UNINTELLIGENT their children are and how INTELLIGENT OUR children are! Give a fair shot & watch the results! #CollegeCheatingScandal	Retweet		
1114600092235730944	2019-04-06 18:45:44	http://twitter.com/ElkGroveNews/status/1114600092235730944	RT @RenuBakshi My father drove a forklift at a lumber mill. At times, he worked multiple jobs to feed his family and put his 5 daughters through university. The #CollegeAdmissionsScandal makes me sick and angry on so many levels. #CollegeCheatingScandal	@ElkGroveNews	Elk Grove News	United States of America	California	Sacramento	Negative	Disgust	Twitter		9376	1161	188	"RT @RenuBakshi My father drove a forklift at a lumber mill. At times, he worked multiple jobs to feed his family and put his 5 daughters through university. The #CollegeAdmissionsScandal makes me sick and angry on so many levels. 
#CollegeCheatingScandal"	Retweet		
1114439915671031808	2019-04-06 08:09:15	http://twitter.com/natssanebu/status/1114439915671031808	RT @toluwalashe98 Ohh I love this my baby is thanking me for the check.. love you baby for been straightforward #feeling #sugerbaby #paypig #payment #sugarbabyneeded #paypig #paypet #nude #challenge #love #help #sugerdaddy #text #good #CollegeCheatingScandal #college #collegeLife https://t.co/SQaTQTMbiB	@natssanebu	Annie Lavern				Positive	Joy	Twitter	F	65	5	15	RT @toluwalashe98 Ohh I love this my baby is thanking me for the check.. love you baby for been straightforward #feeling #sugerbaby #paypig #payment #sugarbabyneeded #paypig #paypet #nude #challenge #love #help #sugerdaddy #text #good #CollegeCheatingScandal #college #collegeLife https://t.co/SQaTQTMbiB	Retweet		
1114548197995745281	2019-04-06 15:19:32	http://twitter.com/C87211/status/1114548197995745281	RT @BYP_100 When you read about Lori Loughlin and Felicity Huffman, remember Tonya McDowell, a Black mom from Connecticut who spent 2012-2017 in jail for lying about her address to send her kindergartener to a better school. The whole damn system is guilty. #CollegeCheatingScandal https://t.co/Ns1J2X90Ox	@C87211	Casey				Negative	Neutral	Twitter		4722	473	345	"RT @BYP_100 When you read about Lori Loughlin and Felicity Huffman, remember Tonya McDowell, a Black mom from Connecticut who spent 2012-2017 in jail for lying about her address to send her kindergartener to a better school. The whole damn system is guilty. 

#CollegeCheatingScandal https://t.co/Ns1J2X90Ox"	Retweet		
1114548001652051970	2019-04-06 15:18:45	http://twitter.com/nellymidwest/status/1114548001652051970	RT @BYP_100 When you read about Lori Loughlin and Felicity Huffman, remember Tonya McDowell, a Black mom from Connecticut who spent 2012-2017 in jail for lying about her address to send her kindergartener to a better school. The whole damn system is guilty. #CollegeCheatingScandal https://t.co/Ns1J2X90Ox	@nellymidwest	lex	United States of America	Illinois	Springfield	Negative	Neutral	Twitter	M	17556	1191	512	"RT @BYP_100 When you read about Lori Loughlin and Felicity Huffman, remember Tonya McDowell, a Black mom from Connecticut who spent 2012-2017 in jail for lying about her address to send her kindergartener to a better school. The whole damn system is guilty. 

#CollegeCheatingScandal https://t.co/Ns1J2X90Ox"	Retweet		
1114373162186096640	2019-04-06 03:44:00	http://twitter.com/ThomasYRiley/status/1114373162186096640	RT @ThePerezHilton I‚Äôm in denial about this too! Do U really think Lori Loughlin will serve any jail time? She‚Äôs rich! She‚Äôs gonna buy her way out this! https://t.co/28VLFBWl5G #FelicityHuffman #CollegeCheatingScandal	@ThomasYRiley	Thomas Y Riley				Positive	Neutral	Twitter	M	57584	3186	4886	RT @ThePerezHilton I‚Äôm in denial about this too! Do U really think Lori Loughlin will serve any jail time? She‚Äôs rich! She‚Äôs gonna buy her way out this! https://t.co/28VLFBWl5G #FelicityHuffman #CollegeCheatingScandal	Retweet		
1114357646847565829	2019-04-06 02:42:21	http://twitter.com/cassjl27/status/1114357646847565829	RT @BYP_100 When you read about Lori Loughlin and Felicity Huffman, remember Tonya McDowell, a Black mom from Connecticut who spent 2012-2017 in jail for lying about her address to send her kindergartener to a better school. The whole damn system is guilty. #CollegeCheatingScandal https://t.co/Ns1J2X90Ox	@cassjl27	Cassandra				Negative	Neutral	Twitter	F	9284	1359	3011	"RT @BYP_100 When you read about Lori Loughlin and Felicity Huffman, remember Tonya McDowell, a Black mom from Connecticut who spent 2012-2017 in jail for lying about her address to send her kindergartener to a better school. The whole damn system is guilty. 

#CollegeCheatingScandal https://t.co/Ns1J2X90Ox"	Retweet		
1114458548321292289	2019-04-06 09:23:18	http://twitter.com/VitalbeatzB/status/1114458548321292289	RT @LNPServices Felicity Huffman and Lori Loughlin are two of at least 40 people charged in a nationwide college admissions exam scandal, according to court documents. ‚Ä¶ #CollegeCheatingScandal https://t.co/zIOKUrvEPb	@VitalbeatzB	VITALBEATZ&BOUNCES				Neutral	Neutral	Twitter		3587	82	525	RT @LNPServices Felicity Huffman and Lori Loughlin are two of at least 40 people charged in a nationwide college admissions exam scandal, according to court documents. ‚Ä¶   #CollegeCheatingScandal https://t.co/zIOKUrvEPb	Retweet		
1114424112527503360	2019-04-06 07:06:28	http://twitter.com/BlissfulBeauty/status/1114424112527503360	RT @DoughertyJC Another major day at the federal courthouse in #Boston for the #CollegeCheatingScandal. Another set of 15 parents are set to appear. This time actresses Felicity Huffman and #LoriLaughlin will have their initial appearances in MA. #7News	@BlissfulBeauty	99.44% Pure üá∫üá≤ADOS	United States of America	California	Los Angeles	Neutral	Neutral	Twitter		2589	154	387	RT @DoughertyJC Another major day at the federal courthouse in #Boston for the #CollegeCheatingScandal. Another set of 15 parents are set to appear. This time actresses Felicity Huffman and #LoriLaughlin will have their initial appearances in MA. #7News	Retweet		
1114507368115724289	2019-04-06 12:37:17	http://twitter.com/joobylim/status/1114507368115724289	RT @TalbertSwan Remember Tanya McDowell? She got 12 yrs for sending her 6 yr old son to Norwalk CT‚Äôs Brookside Elementary School while she ‚Äòlived‚Äô in Bridgeport, even though she was homeless. She was convicted of 1st-degree larceny for ‚Äústealing‚Äú an education. But, #CollegeCheatingScandal https://t.co/sDnGLHlxwk	@joobylim	jooby lim				Neutral	Sadness	Twitter		9302	1254	1037	"RT @TalbertSwan Remember Tanya McDowell?

She got 12 yrs for sending her 6 yr old son to Norwalk CT‚Äôs Brookside Elementary School while she ‚Äòlived‚Äô in Bridgeport, even though she was homeless. 

She was convicted of 1st-degree larceny for ‚Äústealing‚Äú an education.

But, #CollegeCheatingScandal https://t.co/sDnGLHlxwk"	Retweet		
1114451951775821824	2019-04-06 08:57:05	http://twitter.com/KayDMusiQ/status/1114451951775821824	RT @THR Despite being shot long before the #CollegeCheatingScandal broke, @oliviawilde's new movie addresses the controversy head on https://t.co/lV0A53cmKw https://t.co/518UBbbR8U	@KayDMusiQ	Kay-D MusiQ	United Kingdom	Greater London	London	Neutral	Neutral	Twitter	M	310633	1300	2176	RT @THR Despite being shot long before the #CollegeCheatingScandal broke, @oliviawilde's new movie addresses the controversy head on https://t.co/lV0A53cmKw https://t.co/518UBbbR8U	Retweet		
1114372003505430528	2019-04-06 03:39:24	http://twitter.com/AliceFaye1111/status/1114372003505430528	RT @AnnaIvey Nobody writes like Caitlin Flanagan. Best thing I‚Äôve read on the #CollegeCheatingScandal https://t.co/TanGHyr9tc	@AliceFaye1111	ü¶ãAlice Fayeü¶ã	United States of America	Washington	Seattle	Positive	Joy	Twitter	F	842	144	366	"RT @AnnaIvey Nobody writes like Caitlin Flanagan. Best thing I‚Äôve read on the #CollegeCheatingScandal  

https://t.co/TanGHyr9tc"	Retweet		
1114665648930443264	2019-04-06 23:06:14	http://twitter.com/SportsEthics/status/1114665648930443264	I don't really care how much in fines and penalties the entitled pay in the #CollegeCheatingScandal I care deeply about the coaches who took money and are screwed. I am angry that their programs never instituted sports ethics training. -- Chuck Gallagher (828) 244-1400 or DM	@SportsEthics	SportsEthics				Negative	Anger	Twitter		7698	1472	2974	I don't really care how much in fines and penalties the entitled pay in the #CollegeCheatingScandal I care deeply about the coaches who took money and are screwed. I am angry that their programs never instituted sports ethics training. -- Chuck Gallagher (828) 244-1400 or DM	Tweet		
1114340679797432320	2019-04-06 01:34:56	http://twitter.com/danpincus/status/1114340679797432320	"RT @sarazaske ""...in a Harvard-led survey of 10,000 kids, 80 percent of the kids said their parents cared more about their academic achievement than whether they were kind."" so much in this piece by @sharon_holbrook #parenting #resilience #CollegeCheatingScandal https://t.co/vqTYs8Uegr"	@danpincus	Daniel Pincus				Neutral	Sadness	Twitter	M	39912	1044	1285	"RT @sarazaske ""...in a Harvard-led survey of 10,000 kids, 80 percent of the kids said their parents cared more about their academic achievement than whether they were kind."" so much in this piece by @sharon_holbrook  #parenting  #resilience #CollegeCheatingScandal https://t.co/vqTYs8Uegr"	Retweet		
1114511092804411392	2019-04-06 12:52:05	http://twitter.com/wickedwitch1684/status/1114511092804411392	#CollegeCheatingScandal you know what! I saw somewhere that Olivia Jade claimed while in high school she hardly ever showed up to her classes so you wonder why mommy and daddy paid to get her into college! Had she even worked hard or tried maybe she would‚Äôve gotten in on her own	@wickedwitch1684	Diane Michelle	United States of America	New York	New York	Positive	Sadness	Twitter	F	65	8	99	#CollegeCheatingScandal you know what! I saw somewhere that Olivia Jade claimed while in high school she hardly ever showed up to her classes so you wonder why mommy and daddy paid to get her into college! Had she even worked hard or tried maybe she would‚Äôve gotten in on her own	Tweet		
1114528191165677568	2019-04-06 14:00:02	http://twitter.com/KoodoosLearning/status/1114528191165677568	"""Here are the latest ten updates about the largest college admissions scandal in U.S. history."" - @Forbes https://t.co/sWPijkopwz #CollegeCheatingScandal #CollegeAdmissionsScandal #OperationVarsityBlues https://t.co/5GoPCMWL12"	@KoodoosLearning	Koodoos	United States of America	Washington	Seattle	Neutral	Neutral	Twitter		437	103	1185	"""Here are the latest ten updates about the largest college admissions scandal in U.S. history."" - @Forbes 

https://t.co/sWPijkopwz

#CollegeCheatingScandal #CollegeAdmissionsScandal #OperationVarsityBlues https://t.co/5GoPCMWL12"	Tweet		
1114577012440600577	2019-04-06 17:14:02	http://twitter.com/yungmonir/status/1114577012440600577	Loyal and Honest Sugar baby needed for weekly allowance of $300 DM and RT, I don't need your nudes picture #sugarbabywanted #movies #mexicandynasties #collegecheatingscandal #collegestudent #sugarbabyneeded #HawaiiFive0 #Constantine #McDonalds	@yungmonir	Anthony Molina	United States of America	Florida	Jacksonville	Positive	Joy	Twitter	M	144	96	319	Loyal and Honest Sugar baby needed for weekly allowance of $300 DM and RT,  I don't need your nudes picture  #sugarbabywanted #movies #mexicandynasties #collegecheatingscandal #collegestudent #sugarbabyneeded #HawaiiFive0 #Constantine #McDonalds	Tweet		
1114578412377595904	2019-04-06 17:19:36	http://twitter.com/IndianaElla21/status/1114578412377595904	@people Get real. Ppl are crazy to let her spoiled ass off with this. They think will all just blow over. Her videos talking about how she doesn‚Äôt care about school and just wants to party while deserving kids got in. #VarsityBlues #CollegeCheatingScandal	@IndianaElla21	Ella				Positive	Sadness	Twitter	F	504	7	95	@people Get real. Ppl are crazy to let her spoiled ass off with this. They think will all just blow over. Her videos talking about how she doesn‚Äôt care about school and just wants to party while deserving kids got in. #VarsityBlues #CollegeCheatingScandal	Reply		
1114537415912325120	2019-04-06 14:36:41	http://twitter.com/collegeadvice/status/1114537415912325120	The latest Great College Advice Daily! https://t.co/dwObsgrFEz Thanks to @myrwu @Helener2442 @ScottieMcCall #highered #collegecheatingscandal	@collegeadvice	Mark Montgomery	United States of America	Colorado	Denver	Positive	Joy	Twitter	M	8732	7354	6627	The latest Great College Advice Daily! https://t.co/dwObsgrFEz Thanks to @myrwu @Helener2442 @ScottieMcCall #highered #collegecheatingscandal	Tweet		
1114638183994511360	2019-04-06 21:17:06	http://twitter.com/SDatLarge/status/1114638183994511360	Thread #michaelclayton #CollegeCheatingScandal	@SDatLarge	Cynthia Adkins üß†	United States of America			Neutral	Sadness	Twitter	F	22910	10835	834	Thread #michaelclayton #CollegeCheatingScandal	Tweet		
1114509823872122880	2019-04-06 12:47:03	http://twitter.com/SharalynMitche1/status/1114509823872122880	RT @craig_koproski Seems legit #CollegeCheatingScandal He bought the fencing coach‚Äôs house. Then his son got into Harvard https://t.co/iEYMRLGERD via @BostonGlobe	@SharalynMitche1	Sharalyn Mitchell				Positive	Neutral	Twitter	M	53162	4541	4618	"RT @craig_koproski Seems legit #CollegeCheatingScandal 
He bought the fencing coach‚Äôs house. Then his son got into Harvard https://t.co/iEYMRLGERD via @BostonGlobe"	Retweet		
1114605720522166272	2019-04-06 19:08:06	http://twitter.com/GWashingtonInde/status/1114605720522166272	They Had It Coming - The Atlantic #CollegeCheatingScandal #highered https://t.co/c2HTA2sdzs	@GWashingtonInde	JB Watson, Jr, Ph.D.	United States of America	Texas		Neutral	Neutral	Twitter		44829	7836	8554	They Had It Coming - The Atlantic #CollegeCheatingScandal #highered https://t.co/c2HTA2sdzs	Tweet		
1114318934570827776	2019-04-06 00:08:31	http://twitter.com/kattitudes/status/1114318934570827776	RT @PomBella Let's give some perspective to this #CollegeCheatingScandal. While you are all clutching your pearls and gasping, you know the ppl involved will probably never sentences like these ladies got, just for want of a better education for their children who WANTED an education: https://t.co/KLSw0veIcH	@kattitudes	kattitudes	United States of America			Positive	Sadness	Twitter		2084	501	3560	RT @PomBella Let's give some perspective to this #CollegeCheatingScandal.  While you are all clutching your pearls and gasping, you know the ppl involved will probably never sentences like these ladies got, just for want of a better education for their children who WANTED an education: https://t.co/KLSw0veIcH	Retweet		
1114500986456944642	2019-04-06 12:11:56	http://twitter.com/robenfarzad/status/1114500986456944642	"""A successful first meeting often consisted of walking them back from the crack pipe of Harvard to the Adderall crash of Middlebury and then scheduling a..meeting to douse them with the bong water of Denison."" ~@CaitlinPacific üíØüíØ https://t.co/2EoaEv4DFZ #CollegeCheatingScandal"	@robenfarzad	Roben Farzad	United States of America	Virginia		Neutral	Fear	Twitter		63604	8246	5618	"""A successful first meeting often consisted of walking them back from the crack pipe of Harvard to the Adderall crash of Middlebury and then scheduling a..meeting to douse them with the bong water of Denison.""
~@CaitlinPacific üíØüíØ
https://t.co/2EoaEv4DFZ #CollegeCheatingScandal"	Tweet		
1114507721527709696	2019-04-06 12:38:42	http://twitter.com/craig_koproski/status/1114507721527709696	Seems legit #CollegeCheatingScandal He bought the fencing coach‚Äôs house. Then his son got into Harvard https://t.co/iEYMRLGERD via @BostonGlobe	@craig_koproski	Craig Koproski	United States of America	Florida		Positive	Unclassified	Twitter	M	1198	193	353	"Seems legit #CollegeCheatingScandal 
He bought the fencing coach‚Äôs house. Then his son got into Harvard https://t.co/iEYMRLGERD via @BostonGlobe"	Tweet		
1114644269560627200	2019-04-06 21:41:17	http://twitter.com/LaurenHailey17/status/1114644269560627200	RT @TalbertSwan Remember Kelley Williams-Bolar? She was was convicted of using the wrong residence to get her daughters into a better school district in Ohio than underperforming Akron. She was sentenced to 3 years & ordered to pay $30,000 to the school district. But, #CollegeCheatingScandal https://t.co/yJ1pj1FWOF	@LaurenHailey17	Lauren Hailey	United States of America	California		Negative	Sadness	Twitter	F	313	2	119	"RT @TalbertSwan Remember Kelley Williams-Bolar?

She was was convicted of using the wrong residence to get her daughters into a better school district in Ohio than underperforming Akron.

She was sentenced to 3 years & ordered to pay $30,000 to the school district.

But, #CollegeCheatingScandal https://t.co/yJ1pj1FWOF"	Retweet		
1114378460300886017	2019-04-06 04:05:03	http://twitter.com/KKemdall/status/1114378460300886017	"#CollegeCheatingScandal Tom's BUSTED! ""You hire a tutor, you don't cheat!"". https://t.co/4TyFYTlz1V"	@KKemdall	KK Kasey	Mexico	Distrito Federal	Mexico City	Neutral	Neutral	Twitter		8183	1546	1484	"#CollegeCheatingScandal Tom's BUSTED! ""You hire a tutor, you don't cheat!"". https://t.co/4TyFYTlz1V"	Tweet		
1114599108201807872	2019-04-06 18:41:50	http://twitter.com/NaomiFrances1/status/1114599108201807872	#CollegeCheatingScandal #CollegeAdmissionsScandal Prosecutors needd less than year fr first tip to file criminal charges, a remarkably quick turnaround for a case so large and with such high stakes. https://t.co/6aVYahu5yq @nfl #robertkraft FL Police OK having cam: SHOW FILMS	@NaomiFrances1	Naomi Frances	United States of America			Neutral	Fear	Twitter	F	24247	293	301	"#CollegeCheatingScandal #CollegeAdmissionsScandal 
Prosecutors needd less than year fr first tip to file criminal charges, a remarkably quick turnaround for a case so large and with such high stakes.

https://t.co/6aVYahu5yq

@nfl
#robertkraft 
FL Police OK having cam: SHOW FILMS"	Tweet		
1114367901148913664	2019-04-06 03:23:06	http://twitter.com/Saturday365_/status/1114367901148913664	"RT @TalbertSwan Harvard fencing coach sold his house for 2x its assessed value. The town assessor says, ""it makes no sense."" But it does... A wealthy Maryland businessman purchaed it. His kid was then accepted to Harvard and the fencing team. #CollegeCheatingScandal https://t.co/AgNLAsfmYf"	@Saturday365_	Saturday 365	United States of America	California		Neutral	Neutral	Twitter		4972	183	1662	"RT @TalbertSwan Harvard fencing coach sold his house for 2x its assessed value. The town assessor says, ""it makes no sense."" 

But it does...

A wealthy Maryland businessman purchaed it. His kid was then accepted to Harvard and the fencing team.

#CollegeCheatingScandal

https://t.co/AgNLAsfmYf"	Retweet		
1114554726396375044	2019-04-06 15:45:28	http://twitter.com/Adinoadonai/status/1114554726396375044	Really? For the amount that equals 2 a day of work???????? Yal need to stop! The #CollegeCheatingScandal Is a far more interesting story Try some reporting on that.... #Crackazkillme #JussieSmollett	@Adinoadonai	Adino Adonai	United States of America	California	Los Angeles	Negative	Disgust	Twitter	M	39322	420	132	"Really? For the amount that equals 2 a day of work????????
Yal need to stop! 
 The #CollegeCheatingScandal 
Is a far more interesting story 
Try some reporting on that....
#Crackazkillme 
#JussieSmollett"	Tweet		
1114542300070178817	2019-04-06 14:56:06	http://twitter.com/writtenhawk/status/1114542300070178817	#CollegeCheatingScandal. I think that teenage daughter that posted that wack video about partying. OMG ! What a retarded little angel. The parents must be so proud. $250,000.00 proud. Off 2 the poorhouse now. Oh and pay all others fines since they got busted because of her	@writtenhawk	Writtenhawk				Negative	Sadness	Twitter		12	0	5	#CollegeCheatingScandal. I think that teenage daughter that posted that wack video about partying. OMG ! What a retarded little angel. The parents must be so proud. $250,000.00 proud. Off 2 the poorhouse now. Oh and pay all others fines since they got busted because of her	Tweet		
